ISO3,country,MEAN_RANK,MEDIAN_RANK,RANK_STD,RANK_MIN,RANK_MAX,TOP10_PROB,TOP20_PROB,TOP50_PROB,STABILITY
DNK,Denmark,1.6579,1.0,1.0888462465449404,1,14,,,,Very Stable
NOR,Norway,4.1075,2.0,4.776235441485522,1,38,,,,Stable
SGP,Singapore,4.6626,4.0,2.511292874037154,2,22,,,,Very Stable
NLD,Netherlands,7.6624,7.0,3.406814770234517,3,32,,,,Stable
USA,United States of America,7.6862,7.0,5.236837977940545,1,26,,,,Stable
AUS,Australia,8.0542,8.0,2.2051640834331683,3,19,,,,Very Stable
DEU,Germany,8.435,8.0,2.740205443500002,3,18,,,,Very Stable
IRL,Ireland,9.8494,8.0,6.348066590304882,3,43,,,,Stable
FIN,Finland,10.6491,10.0,6.761563507363233,1,43,,,,Stable
LUX,Luxembourg,11.3144,9.0,7.4318420238582545,3,43,,,,Moderate
CAN,Canada,11.3522,12.0,5.61525674130996,1,39,,,,Stable
EST,Estonia,14.6252,15.0,6.697433129270588,2,51,,,,Stable
SWE,Sweden,15.7344,13.0,6.808780550822495,7,48,,,,Stable
FRA,France,15.9881,16.0,6.387850879120919,2,44,,,,Stable
JPN,Japan,16.7208,16.0,2.598561642959637,12,31,,,,Very Stable
BEL,Belgium,17.8456,19.0,4.890659719838344,5,29,,,,Stable
CHE,Switzerland,18.233,16.0,6.947484275172906,6,41,,,,Stable
ARE,United Arab Emirates,18.8374,20.0,5.411200361189225,9,33,,,,Stable
AUT,Austria,20.3086,20.0,2.7253456277835366,13,36,,,,Very Stable
ESP,Spain,21.0677,22.0,5.593321484996356,8,39,,,,Stable
CHN,China,23.1844,21.0,16.361276410371442,1,78,,,,Sensitive
GBR,"United Kingdom of Great
Britain and Northern Ireland",23.9576,23.0,9.092044256759642,4,70,,,,Moderate
LTU,Lithuania,23.9855,24.0,8.32961151511876,5,67,,,,Moderate
ISL,Iceland,24.7476,24.0,6.393557851321849,13,43,,,,Stable
KOR,Republic of Korea,24.9741,23.0,11.614840491456004,5,62,,,,Moderate
CZE,Czechia,26.6466,27.0,11.23610846571626,1,90,,,,Moderate
SVN,Slovenia,27.4635,28.0,4.020184565215069,13,41,,,,Stable
ITA,Italy,29.7866,29.0,5.347066443570291,16,56,,,,Stable
SAU,Saudi Arabia,30.0293,30.0,5.954711358977651,15,47,,,,Stable
LIE,Liechtenstein,30.2028,26.0,22.86112716542047,1,101,,,,Sensitive
PRT,Portugal,31.6217,31.0,3.2244734194722704,24,62,,,,Stable
NZL,New Zealand,32.7867,33.0,10.966842310940196,8,64,,,,Moderate
CYP,Cyprus,33.1891,33.0,3.807438883171332,22,45,,,,Stable
POL,Poland,33.2789,32.0,13.764085868519535,7,129,,,,Sensitive
GRC,Greece,37.4393,37.0,5.472669414559171,25,64,,,,Stable
IND,India,37.833,37.0,11.42120638967436,15,83,,,,Moderate
LVA,Latvia,38.1639,37.0,7.513885987840432,22,88,,,,Moderate
ISR,Israel,42.6367,41.0,11.547971625998562,18,81,,,,Moderate
TWN,Taiwan,43.4431,41.0,12.672545984614647,21,87,,,,Sensitive
HUN,Hungary,43.6339,41.0,15.281073977708203,7,134,,,,Sensitive
CHL,Chile,43.7467,40.0,12.025231795270026,25,134,,,,Sensitive
ROU,Romania,45.2692,44.0,11.895910332053765,11,104,,,,Moderate
JOR,Jordan,46.0442,46.0,12.587727811211474,8,99,,,,Sensitive
URY,Uruguay,46.9192,43.0,12.792358492614786,31,137,,,,Sensitive
MYS,Malaysia,47.7616,47.0,4.943521951091946,39,74,,,,Stable
MLT,Malta,48.7409,47.0,10.304988426419818,32,138,,,,Moderate
SMR,San Marino,53.0664,50.0,22.384090238148662,13,111,,,,Sensitive
AND,Andorra,53.149,50.0,16.90634737186436,22,98,,,,Sensitive
BHR,Bahrain,53.8092,53.0,6.464083368690419,42,101,,,,Stable
HRV,Croatia,54.0749,54.0,8.562524258194353,33,76,,,,Moderate
OMN,Oman,54.6818,52.0,9.742742984605892,40,140,,,,Moderate
SRB,Serbia,55.6263,51.0,14.079526682994663,34,122,,,,Sensitive
SVK,Slovakia,56.7373,55.0,17.181746417375532,12,137,,,,Sensitive
VNM,Viet Nam,57.3384,57.0,14.41303781324064,22,104,,,,Sensitive
BRN,Brunei Darussalam,57.626,56.0,15.9141776446353,25,100,,,,Sensitive
RWA,Rwanda,59.5414,59.0,3.594937885115608,49,70,,,,Stable
QAT,Qatar,61.4233,52.0,29.065477758153982,23,158,,,,Sensitive
BGR,Bulgaria,62.8311,60.0,15.484112779389609,37,141,,,,Sensitive
KAZ,Kazakhstan,63.7545,61.0,11.8748949916665,46,126,,,,Moderate
AZE,Azerbaijan,65.1614,65.0,10.458761332436202,44,104,,,,Moderate
MUS,Mauritius,65.6012,64.0,13.570481729011528,44,147,,,,Sensitive
MCO,Monaco,66.0168,66.0,21.630582654440765,19,108,,,,Sensitive
TUR,Türkiye,69.8377,66.0,15.392441373451588,42,119,,,,Sensitive
GEO,Georgia,70.7486,68.0,9.383965255710912,54,94,,,,Moderate
ALB,Albania,71.6813,72.0,24.014254074400775,7,153,,,,Sensitive
THA,Thailand,71.8024,69.0,17.935103039350103,40,146,,,,Sensitive
BTN,Bhutan,72.2991,71.0,22.933103407807483,25,152,,,,Sensitive
MNE,Montenegro,74.0389,75.0,13.877659951683933,45,119,,,,Sensitive
BRA,Brazil,74.0765,66.0,30.059803840522534,21,169,,,,Sensitive
ARG,Argentina,75.1463,73.0,15.908287263887553,45,141,,,,Sensitive
UKR,Ukraine,75.6463,67.0,32.2274922610456,20,176,,,,Sensitive
IRN,Iran (Islamic Republic of),75.8702,72.0,34.518124254516124,11,169,,,,Sensitive
DOM,Dominican Republic,77.8042,78.0,15.781082555283197,47,143,,,,Sensitive
BEN,Benin,78.6628,81.0,15.23904586947291,31,139,,,,Sensitive
RUS,Russian Federation,79.8671,73.0,24.21853198109101,37,150,,,,Sensitive
BHS,Bahamas,80.0666,77.0,18.066438610318407,48,126,,,,Sensitive
KWT,Kuwait,82.8133,79.0,33.562036352677175,16,164,,,,Sensitive
PHL,Philippines,82.8163,79.0,21.54075102463854,42,148,,,,Sensitive
PER,Peru,82.9037,77.0,21.699675433088654,51,155,,,,Sensitive
GHA,Ghana,83.1499,82.0,6.133138799110347,62,120,,,,Stable
ZMB,Zambia,84.6463,83.0,14.464201243821243,47,124,,,,Sensitive
IDN,Indonesia,85.4048,80.0,24.407685479599383,49,156,,,,Sensitive
MDA,Republic of Moldova,86.3617,82.0,15.312469437750067,65,146,,,,Sensitive
BGD,Bangladesh,86.8102,80.0,22.69857481186538,49,155,,,,Sensitive
SYC,Seychelles,87.5189,86.0,21.73351046972697,42,141,,,,Sensitive
LKA,Sri Lanka,90.007,88.0,7.816192185842697,72,113,,,,Moderate
TUV,Tuvalu,90.9946,88.0,33.50458814226285,19,174,,,,Sensitive
UZB,Uzbekistan,91.183,86.0,20.296450566307392,57,149,,,,Sensitive
MKD,North Macedonia,91.4501,92.0,26.360553823275026,31,167,,,,Sensitive
ZAF,South Africa,93.1694,90.0,17.49606569693578,69,151,,,,Sensitive
NPL,Nepal,93.2365,93.0,16.840395709209737,45,133,,,,Sensitive
CIV,Côte D'Ivoire,96.215,94.0,7.443071605963084,77,116,,,,Moderate
TZA,United Republic of Tanzania,96.265,96.0,14.027596100017808,55,147,,,,Sensitive
COL,Colombia,98.3097,93.0,26.111291922587533,60,174,,,,Sensitive
MAR,Morocco,98.4487,96.0,27.37091311955975,44,180,,,,Sensitive
FSM,"Micronesia (Federated States
of)",100.3657,98.0,25.495010552386553,46,164,,,,Sensitive
CRI,Costa Rica,100.4302,94.0,28.49504035253271,51,166,,,,Sensitive
KIR,Kiribati,100.4567,99.0,22.008829227525595,49,153,,,,Sensitive
GUY,Guyana,100.6011,103.0,22.09652923991599,34,144,,,,Sensitive
KNA,Saint Kitts and Nevis,102.5742,100.5,26.024300581995995,52,167,,,,Sensitive
CPV,Cabo Verde,103.2968,104.0,20.943384929309563,58,162,,,,Sensitive
TUN,Tunisia,103.6809,102.0,27.719637678391774,45,181,,,,Sensitive
SLB,Solomon Islands,105.4741,110.0,30.51615396401181,22,162,,,,Sensitive
PLW,Palau,105.5517,107.0,24.501072575822693,50,157,,,,Sensitive
SLV,El Salvador,105.5745,104.0,8.237234666652055,81,123,,,,Moderate
PAN,Panama,105.9646,105.0,5.304692339436968,97,143,,,,Stable
EGY,Egypt,106.2412,101.0,35.6204337998627,45,192,,,,Sensitive
BWA,Botswana,107.306,107.0,21.277063597769658,59,157,,,,Sensitive
BRB,Barbados,107.9263,111.0,29.046515080364138,42,172,,,,Sensitive
MNG,Mongolia,110.3299,107.0,15.100525440422832,82,155,,,,Sensitive
MHL,Marshall Islands,110.7196,109.0,29.604121609019625,44,182,,,,Sensitive
LCA,Saint Lucia,111.1087,114.0,19.714663352568532,67,156,,,,Sensitive
NAM,Namibia,113.0778,109.0,21.85270924279469,75,178,,,,Sensitive
GRD,Grenada,114.6385,114.0,25.84221352264485,68,176,,,,Sensitive
ETH,Ethiopia,115.0408,116.0,14.881051035729634,86,145,,,,Sensitive
LSO,Lesotho,115.5764,117.0,9.381319947448429,88,137,,,,Moderate
VUT,Vanuatu,115.7978,116.0,8.353855029229228,91,135,,,,Moderate
JAM,Jamaica,115.9614,111.0,19.81149564207467,81,159,,,,Sensitive
SEN,Senegal,116.1635,109.0,22.7874986507838,81,165,,,,Sensitive
NGA,Nigeria,117.505,122.0,24.786783039784492,71,165,,,,Sensitive
TON,Tonga,117.7689,118.0,18.17918427939234,82,160,,,,Sensitive
KEN,Kenya,118.5595,122.0,28.00883627073649,65,177,,,,Sensitive
VCT,"Saint Vincent and the
Grenadines",118.6592,122.0,24.446407057925875,63,172,,,,Sensitive
PSE,State of Palestine,120.0317,119.0,13.0799466210822,85,147,,,,Sensitive
WSM,Samoa,120.71,124.0,27.50795828077535,56,183,,,,Sensitive
CUB,Cuba,121.4437,122.0,10.766225962339153,90,143,,,,Moderate
TGO,Togo,121.6346,122.0,9.135219103163568,87,142,,,,Moderate
GMB,Gambia (Republic of The),122.9433,125.0,15.118450379062866,75,152,,,,Sensitive
DMA,Dominica,123.7856,126.0,24.564893161534503,69,180,,,,Sensitive
ARM,Armenia,125.9361,122.0,19.34425591263914,88,164,,,,Sensitive
ATG,Antigua and Barbuda,128.0484,132.0,36.757608322862346,40,188,,,,Sensitive
PRY,Paraguay,129.5119,129.0,15.369192548665621,85,170,,,,Sensitive
BLZ,Belize,130.2399,130.0,12.883196251884272,95,159,,,,Sensitive
BLR,Belarus,130.8642,131.0,13.116857991011207,92,162,,,,Sensitive
STP,Sao Tome and Principe,130.8881,132.0,22.274667101203665,65,180,,,,Sensitive
GAB,Gabon,131.2212,132.0,12.814979240298909,92,157,,,,Sensitive
TTO,Trinidad and Tobago,132.6001,129.0,19.558298307707155,88,185,,,,Sensitive
ECU,Ecuador,134.0171,141.0,30.685129383897614,66,186,,,,Sensitive
MDV,Maldives,135.2689,139.0,26.565066592544035,45,176,,,,Sensitive
PNG,Papua New Guinea,137.3648,138.0,8.431348037115583,102,154,,,,Moderate
FJI,Fiji,138.057,141.0,27.77767288509048,67,186,,,,Sensitive
SLE,Sierra Leone,138.2105,142.0,17.53503172177767,77,168,,,,Sensitive
MEX,Mexico,139.9457,145.0,22.948525333700516,81,176,,,,Sensitive
DZA,Algeria,140.9022,144.0,19.470473674117596,90,172,,,,Sensitive
UGA,Uganda,143.5668,145.0,18.464052368940767,87,170,,,,Sensitive
CMR,Cameroon,143.7004,146.0,17.93708487300463,88,181,,,,Sensitive
LAO,"Lao People's Democratic
Republic",144.0411,144.0,12.555850259045508,98,177,,,,Sensitive
NER,Niger,144.6869,146.0,15.902910382878419,96,179,,,,Sensitive
NRU,Nauru,145.5765,154.0,34.85763981188797,31,191,,,,Sensitive
BFA,Burkina Faso,146.3279,149.0,19.30541508217693,69,173,,,,Sensitive
PAK,Pakistan,147.1908,153.0,25.685703628615542,82,192,,,,Sensitive
COD,"Democratic Republic of the
Congo",147.3441,148.0,17.137282860371457,101,184,,,,Sensitive
MWI,Malawi,148.1422,147.0,13.60231897391551,108,184,,,,Sensitive
BIH,Bosnia and Herzegovina,148.7696,150.0,14.295368186763724,114,175,,,,Sensitive
KGZ,Kyrgyzstan,148.7872,149.0,14.21084483664141,110,181,,,,Sensitive
COM,Comoros,148.797,151.0,15.318317664992081,96,175,,,,Sensitive
DJI,Djibouti,150.2517,151.0,9.72443332900984,117,174,,,,Moderate
KHM,Cambodia,150.2822,154.0,19.560292013729175,75,178,,,,Sensitive
MRT,Mauritania,152.0528,158.0,24.650699338107692,51,187,,,,Sensitive
PRK,"Democratic People's Republic
of Korea",158.6113,160.0,17.41524451117882,99,186,,,,Sensitive
SYR,Syrian Arab Republic,159.4132,161.0,18.340062746625396,98,193,,,,Sensitive
SUR,Suriname,161.387,160.0,16.70350058200883,109,191,,,,Sensitive
LBN,Lebanon,162.1246,165.0,16.831054728695108,103,185,,,,Sensitive
CAF,Central African Republic,162.5195,164.0,18.30122709660005,101,192,,,,Sensitive
TCD,Chad,162.5581,172.0,26.415620433567106,33,191,,,,Sensitive
AFG,Afghanistan,163.4763,165.0,18.046135448080427,100,190,,,,Sensitive
AGO,Angola,163.526,163.0,7.279300984454586,139,176,,,,Moderate
TLS,Timor-Leste,163.5409,163.0,14.769757674524605,114,189,,,,Sensitive
GNB,Guinea Bissau,163.6558,164.0,16.274741567266435,111,194,,,,Sensitive
GTM,Guatemala,168.2691,169.0,12.625823788277502,130,187,,,,Sensitive
ERI,Eritrea,169.2182,171.0,18.729422518774783,102,195,,,,Sensitive
TJK,Tajikistan,169.3726,172.0,15.207981375243493,120,190,,,,Sensitive
MMR,Myanmar,169.6403,172.0,12.098683966670544,91,188,,,,Sensitive
SOM,Somalia,170.7423,172.0,14.552761559130262,121,194,,,,Sensitive
SWZ,Eswatini,172.4289,175.0,10.321085081992987,137,188,,,,Moderate
SSD,South Sudan,172.8359,176.0,18.95264866658874,103,195,,,,Sensitive
NIC,Nicaragua,173.4899,177.0,15.124614817817255,75,191,,,,Sensitive
MOZ,Mozambique,173.869,175.0,5.176400149896741,153,184,,,,Stable
HND,Honduras,175.3782,177.0,7.418077078782164,145,188,,,,Moderate
GNQ,Equatorial Guinea,175.9589,180.0,13.193165531883231,125,193,,,,Sensitive
TKM,Turkmenistan,176.536,179.0,14.65701152345472,124,195,,,,Sensitive
COG,Congo,177.1721,179.0,10.025673693238751,107,191,,,,Moderate
GIN,Guinea,177.3194,178.0,8.469460243467736,130,192,,,,Moderate
LBY,Libya,178.2906,182.0,11.703822007573319,132,193,,,,Moderate
MDG,Madagascar,179.0894,183.0,12.34928573342662,124,193,,,,Sensitive
SDN,Sudan,179.467,185.0,12.954994951346826,132,194,,,,Sensitive
BOL,Bolivia (Plurinational State of),179.6148,180.0,9.307270463908793,142,193,,,,Moderate
YEM,Yemen,179.9855,185.0,13.222797509884142,133,195,,,,Sensitive
IRQ,Iraq,180.5652,184.0,9.850241199339766,134,192,,,,Moderate
ZWE,Zimbabwe,181.1459,185.0,10.376684477619872,132,192,,,,Moderate
MLI,Mali,183.12,186.0,8.307593009419644,151,193,,,,Moderate
BDI,Burundi,188.3035,192.0,6.576557827715377,149,194,,,,Stable
VEN,"Venezuela, Bolivarian
Republic of",191.1395,193.0,5.674192400328107,149,195,,,,Stable
LBR,Liberia,191.4012,193.0,4.488078970482347,168,195,,,,Stable
HTI,Haiti,193.3718,195.0,2.7124712920233116,165,195,,,,Very Stable
