country,AI_INDEX,LEGAL_WGI_SCORE,PQC,RES_INDEX,QSSI_SCORE,RANK
Denmark,0.9129101593157498,0.9663234009914472,0.9027187765505524,0.7176088170442433,0.8722196263917132,1
Norway,0.890230870661846,0.9247920136946012,0.796516567544605,0.7897549500073996,0.8485955433254753,2
Singapore,0.8926495831531893,0.9467529926189896,0.8584324553950722,0.6450186156262884,0.8330082412250949,3
Australia,0.906168036193777,0.8913983025818323,0.884983007646559,0.5490572416395311,0.8086401336960221,4
Germany,0.89455549229934,0.8678682433117846,0.9203483432455396,0.5402794163871945,0.8070972362603424,5
Ireland,0.8259901416078436,0.875736521594103,0.7787807986406118,0.7233035359814183,0.7984654304566813,6
Finland,0.8135522384731969,0.9584398153347,0.9734494477485132,0.43820065135753,0.7886661593854098,7
Canada,0.8640010094156945,0.8537832796331456,0.9823704333050128,0.4474138939284242,0.7874030405596968,8
Luxembourg,0.762188958278292,0.937967768108498,0.7787807986406118,0.6912954714143279,0.7837693086189221,9
France,0.947399817300537,0.7571854095710073,0.9027187765505524,0.441822938333823,0.7717924558254565,10
Sweden,0.807195928866983,0.908237582907886,0.7610450297366185,0.5811283859477431,0.7593496491627625,11
Estonia,0.8512163435893891,0.8336284625831961,0.9823704333050128,0.3552109201366935,0.7564859339538826,12
Japan,0.8297091768673535,0.8575007215242297,0.8318819031435853,0.5028744758535763,0.7541019921143424,13
Netherlands,0.9102167307466248,0.905486435430314,0.8230671197960918,0.3552109201366935,0.7487318162932466,14
Belgium,0.7715866701521545,0.7950749198037986,0.955819881053526,0.4741843546733551,0.7479920439381265,15
United Arab Emirates,0.7817914268610413,0.7280314666812258,0.840696686491079,0.6142531708339929,0.7438811857258255,16
Spain,0.8851748838237983,0.6889226499688639,0.9027187765505524,0.4507107159205246,0.7416943682586815,17
Switzerland,0.7265760665428697,0.922336409910996,0.796516567544605,0.556696497294005,0.7407433681547126,18
Austria,0.8154764620245336,0.8328247550093182,0.8584324553950722,0.4541127096524097,0.7393441808710942,19
Lithuania,0.774994360523512,0.7764022725384304,0.9646346644010196,0.3552109201366935,0.717740158799168,20
Iceland,0.7126327491624229,0.8667066751187339,0.7875955819881053,0.4998310502301324,0.7089878178270331,21
Poland,0.8372766592295362,0.651838110314837,0.9380841121495328,0.3552109201366935,0.7048743779033848,22
Saudi Arabia,0.8473691074935811,0.6354236916438878,0.7875955819881053,0.4748710573334173,0.6969121304072325,23
Italy,0.7930010538413984,0.6444358429294295,0.8937977909940527,0.4252730928791866,0.6965552057066153,24
Portugal,0.7673731459526376,0.7015072825442665,0.8496176720475787,0.4112874191223301,0.6857396730871217,25
Slovenia,0.7389614484756891,0.6988159302417848,0.9027187765505524,0.3552109201366935,0.6759340447628752,26
Cyprus,0.6912733086887354,0.6576950523475349,0.8672472387425658,0.4598269958805703,0.6706895617319115,27
New Zealand,0.7427354269507555,0.9170317897565512,0.6460280373831776,0.4102926180501374,0.6703071498948656,28
India,0.7804532642756392,0.4908191446875781,0.7610450297366185,0.5379361059928162,0.657045092152566,29
Greece,0.713970911747825,0.5675206587019025,0.8584324553950722,0.4584474136236569,0.6569153725194102,30
Latvia,0.6839439135939636,0.7128040076102724,0.8672472387425658,0.3552109201366935,0.6533585153200584,31
Hungary,0.7380445172095522,0.555070976174037,0.9468988954970264,0.3087459909887522,0.6463387720191178,32
Israel,0.8330814494352046,0.7102983445158382,0.615016992353441,0.3721529253472198,0.6387765831588943,33
Chile,0.6894589715685118,0.698529211303743,0.8584324553950722,0.3056448142298205,0.6375628511375253,34
Romania,0.6618152681024874,0.5630706906556661,0.9380841121495328,0.3381785657104029,0.6302243880268634,35
Jordan,0.6523785054045246,0.5474503285051612,0.9468988954970264,0.3433287020041328,0.6277605166976794,36
China,0.8760530990345821,0.5099983935756449,0.6903143585386576,0.3552109201366935,0.6261969280943414,37
Uruguay,0.6743093254595549,0.7147129937076987,0.8141461342395921,0.3008470431696006,0.6239836907317045,38
Czechia,0.7541098835777815,0.7569119935642942,0.615016992353441,0.3552109201366935,0.6201723419087269,39
Malaysia,0.694076623688973,0.6343759533959803,0.7256796941376381,0.3700095659368269,0.6090204928045042,40
Serbia,0.733904250630777,0.4595242202315567,0.8141461342395921,0.3552109201366935,0.6044153828296159,41
Malta,0.7284453468786497,0.6159298724988426,0.5751911639762107,0.4503893289071978,0.5981147017842156,42
Croatia,0.535914930118766,0.5810184233716522,0.8318819031435853,0.3552109201366935,0.5737513695300299,43
Oman,0.6513333733020896,0.6219728920815022,0.5751911639762107,0.435304029798536,0.572418388850614,44
Kazakhstan,0.6431786189671082,0.477791166390182,0.7699660152931181,0.3552109201366935,0.5698060528256217,45
Bulgaria,0.6442237510695432,0.4970729169664213,0.8141461342395921,0.2941393556945477,0.5697530811976821,46
Brazil,0.8309191386164575,0.4130226744470213,0.7168649107901445,0.2238163084764187,0.5670505812909823,47
Ukraine,0.7157303056524923,0.3602563960267648,0.8937977909940527,0.2106964565756289,0.562893932793521,48
Qatar,0.6568301168714523,0.6930377838391899,0.3893372982158029,0.4902462445082824,0.555552477510295,49
Bahrain,0.6466986177833073,0.6083831998322443,0.6017417162276976,0.3552109201366935,0.5549243843925388,50
Rwanda,0.5764678672268,0.5707738424204216,0.6460280373831776,0.4160237011195762,0.5526080632778128,51
Thailand,0.7226189440159491,0.4707354303628075,0.5486406117247239,0.3676399120567997,0.5400029002227271,52
Azerbaijan,0.5773847984929369,0.4373378402041625,0.7610450297366185,0.3552109201366935,0.5397469950570415,53
Brunei Darussalam,0.4113295962878027,0.6961439584307305,0.615016992353441,0.4922194845494351,0.539436789798206,54
Mauritius,0.5849327554430694,0.6498424329697279,0.5486406117247239,0.3852061364022879,0.5389100002586193,55
Liechtenstein,0.3973887009210851,0.883351736046467,0.615016992353441,0.3552109201366935,0.5384439356081525,56
Albania,0.4463222202606491,0.4876508458624123,0.955819881053526,0.2701885519067149,0.5379289434907375,57
Argentina,0.7006343917522271,0.4557897315810742,0.5751911639762107,0.3486768488372286,0.5323152670452428,58
Viet Nam,0.6580034498101853,0.4389350895634804,0.615016992353441,0.3552109201366935,0.5277450309782853,59
Türkiye,0.6721103858304366,0.3942686577959002,0.615016992353441,0.3552109201366935,0.5230438254308447,60
Philippines,0.7182405901697629,0.438949807293756,0.5486406117247239,0.3266419423350331,0.5220827770246194,61
Peru,0.6705341359776238,0.4155681176337643,0.681393372982158,0.2685364944856179,0.521756331186984,62
Andorra,0.4134003350806227,0.7753004172964071,0.615016992353441,0.3552109201366935,0.5216371621060019,63
Russian Federation,0.6604954199222706,0.2914157776347408,0.615016992353441,0.4404920315660318,0.5203090374834975,64
Monaco,0.3630602395623732,0.8397839801049591,0.615016992353441,0.3552109201366935,0.5194318460122374,65
Dominican Republic,0.49687845562053,0.4837470816098899,0.7787807986406118,0.2916710080424913,0.5134259046789127,66
North Macedonia,0.3794552652239404,0.4750930531211059,0.8496176720475787,0.3552109201366935,0.5100623382374713,67
Montenegro,0.4093138007105392,0.5286793346803573,0.7875955819881053,0.3333746476230859,0.508772564552031,68
Indonesia,0.6857033074986308,0.4672230367361789,0.4601741716227697,0.3733595901203665,0.5075390400326091,69
Georgia,0.4260787474964091,0.5884643755050036,0.637213254035684,0.4096519846418876,0.5072328090193163,70
Bhutan,0.3877174839763055,0.6515967997708036,0.5044604927782498,0.4978538531478085,0.4972131916285669,71
Bangladesh,0.5512465092727128,0.2813061278746889,0.6637638062871708,0.4272125185465458,0.4943792595651808,72
Benin,0.4745324592805576,0.4278812747746087,0.5841121495327103,0.4796786347655915,0.4938836888136644,73
Ghana,0.5177079893507044,0.4831825899719507,0.6282922684791844,0.3350681388628944,0.4927890166351212,74
San Marino,0.3385482993830599,0.7315062845905829,0.615016992353441,0.3552109201366935,0.49042272485556815,75
Uzbekistan,0.6344231222816007,0.3713456332124479,0.5398258283772303,0.3552109201366935,0.48835525045545075,76
Colombia,0.6453604551979052,0.4377352101445263,0.615016992353441,0.2117285367743431,0.4878415608702229,77
Zambia,0.4928847042832384,0.3785506754166776,0.615016992353441,0.4380475743788147,0.48684168805137096,78
South Africa,0.5727305175621046,0.4668883332338004,0.5044604927782498,0.3552109201366935,0.4801146751441273,79
Sri Lanka,0.5075972266814739,0.4224388172360691,0.615016992353441,0.3552109201366935,0.47932390957418963,80
Kuwait,0.4451672017271014,0.5619613041168726,0.3539719626168224,0.5664796184894159,0.4760553166180645,81
Morocco,0.4340845645761779,0.4499010939512184,0.796516567544605,0.2001909856827422,0.46938247646993386,82
Nepal,0.4195563972366614,0.356052234405786,0.615016992353441,0.4445753857549452,0.46197546057925215,83
Costa Rica,0.5350895708785564,0.6196565913730386,0.4689889549702634,0.2405479830122125,0.4618424240337936,84
Tunisia,0.4144454671830577,0.4221027110740237,0.796516567544605,0.2013285318234645,0.4582154572117394,85
Seychelles,0.2132804885327768,0.6577219598234414,0.615016992353441,0.3779320618281072,0.4437658020699084,86
Kenya,0.6230120368442038,0.3828781232875737,0.4955395072217502,0.2175382202561744,0.4417486675802571,87
Nigeria,0.5835579640472963,0.2750575090100442,0.5751911639762107,0.2713867808869889,0.44172337723199767,88
Ethiopia,0.4576270522875272,0.3197001893962491,0.5929269328802039,0.3552109201366935,0.43826261681973233,89
El Salvador,0.3990931516101961,0.3969775670809071,0.615016992353441,0.3408857799468186,0.4380991519743051,90
Panama,0.3780987882333529,0.4550758091891383,0.5751911639762107,0.3411463829258876,0.43352918503335813,91
Cabo Verde,0.3131951075720809,0.5983001913788477,0.615016992353441,0.2561043729188966,0.4313989118654782,92
Mongolia,0.427361966866255,0.433235355213235,0.4867247238742566,0.3697003596208008,0.42896193197628785,93
Tuvalu,0.0953299627086195,0.5357063741251519,0.615016992353441,0.5408179286813268,0.4246989938963082,94
Namibia,0.3713029329026881,0.5334794626326764,0.615016992353441,0.2090060451571411,0.42409253177498724,95
Botswana,0.3540654446025904,0.5953814693423877,0.477909940526763,0.3168220363280914,0.42397892146296823,96
Jamaica,0.4529910857618803,0.4980929489582634,0.4424384027187765,0.297716791509383,0.42055471407725664,97
Guyana,0.2080413576428749,0.4210951410137612,0.615016992353441,0.4729469762846325,0.4186224276551331,98
Palau,0.1577879901230943,0.620845503984753,0.615016992353441,0.3552109201366935,0.41406247595641255,99
Kiribati,0.1606657737509384,0.5066895171565442,0.615016992353441,0.4390000363121789,0.41304189272299535,100
Senegal,0.4393420098712652,0.4862027587609999,0.3539719626168224,0.3666662555199322,0.4092027092477682,101
Barbados,0.1717337295172703,0.6669772305511315,0.615016992353441,0.2728533184678624,0.4068831426707332,102
Solomon Islands,0.1387496350804999,0.3921028065990511,0.615016992353441,0.5191449944200035,0.4035859485373213,103
Lesotho,0.2730036145402973,0.3863100548279978,0.615016992353441,0.3552109201366935,0.4017200734502224,104
Ecuador,0.6220218479573252,0.3404036848024685,0.3893372982158029,0.1945621115089828,0.4006621437788877,105
Vanuatu,0.2438007646197809,0.4440861468859525,0.615016992353441,0.3388281329013901,0.40041874007683254,106
Togo,0.2933923915391562,0.3481284803612382,0.615016992353441,0.3385973020780932,0.3960469871418781,107
Fiji,0.3599455796739829,0.581653791059161,0.3274214103653356,0.3552109201366935,0.3949725147395344,108
Cuba,0.277986343757603,0.3419236346590867,0.615016992353441,0.3552109201366935,0.3943376081816319,109
Paraguay,0.3500533788601133,0.3713850121089205,0.615016992353441,0.2345925387626072,0.3916953988588301,110
Armenia,0.3862511205546053,0.4808759404353455,0.362786745964316,0.3552109201366935,0.3915499407787031,111
Samoa,0.1674640510953324,0.6132492421239146,0.615016992353441,0.2420002829906095,0.3871433825893953,112
Tonga,0.1486992011236551,0.4975214161763795,0.615016992353441,0.354179974671984,0.3864132853287287,113
Grenada,0.0975655311481084,0.5567795170459108,0.615016992353441,0.3638131436347989,0.3853330967506747,114
Trinidad and Tobago,0.3066373395088269,0.4455109750341536,0.615016992353441,0.1895207317474974,0.3822278278847134,115
Belarus,0.2819800950948946,0.273840813735871,0.615016992353441,0.3552109201366935,0.3819191693981762,116
Dominica,0.103263733174511,0.5592302091456025,0.615016992353441,0.3122368462693197,0.374638621437164,117
Gabon,0.2365812559561215,0.2957377032633009,0.615016992353441,0.356241865601403,0.37293663192820764,118
Mexico,0.500762320526709,0.3467610006428698,0.362786745964316,0.2448524026908713,0.3714906834503835,119
Belize,0.1586499781736748,0.4261964513288163,0.615016992353441,0.3316058894347962,0.369490004164925,120
Marshall Islands,0.07196940804226,0.5074425213986395,0.615016992353441,0.3552109201366935,0.3656363048149396,121
Papua New Guinea,0.2404834352674859,0.326978853742806,0.615016992353441,0.2943451605370392,0.364881339551427,122
Pakistan,0.5032371872404733,0.2905122619104253,0.4689889549702634,0.1501952428715164,0.36386965801467197,123
Cameroon,0.3436592294366638,0.2599941544673645,0.615016992353441,0.2200696394748562,0.36386825768154635,124
Algeria,0.4499496834942319,0.3585966585677635,0.3451571792693288,0.2755542924048365,0.3618821046803636,125
Sierra Leone,0.143991187984131,0.2853842964313312,0.615016992353441,0.3788767527858566,0.3487476519663299,126
Malawi,0.1971199171180266,0.3713945544816081,0.615016992353441,0.2179637079453785,0.34166006110643443,127
Bosnia and Herzegovina,0.3354885827102261,0.3881540341765276,0.3717077315208156,0.2549432841158808,0.3349401355575474,128
Timor-Leste,0.080396456441294,0.3399575702057176,0.615016992353441,0.3552109201366935,0.33466742909606534,129
Uganda,0.3485503866280423,0.3342418160529067,0.2831350892098555,0.3680186843247699,0.33420192258265036,130
Antigua and Barbuda,0.2048522291268782,0.6072894192836624,0.1503823279524214,0.4546139035781736,0.33416261047744467,131
Djibouti,0.1665288054240101,0.3033750947895522,0.615016992353441,0.2732792601389062,0.3327077237082003,132
Niger,0.0923239782444772,0.3128209392553556,0.615016992353441,0.3540554781011742,0.33252949893806805,133
Maldives,0.1996851448508534,0.4499312203774921,0.2743203058623619,0.4547381138887519,0.3321563924685329,134
Comoros,0.131274935751109,0.2179697149691569,0.615016992353441,0.3552109201366935,0.32553340184169766,135
Burkina Faso,0.2873107980107238,0.3457137059670255,0.2477697536108751,0.3964978220282902,0.3164028745064136,136
Cambodia,0.3249565887217305,0.3055012264081449,0.2124044180118946,0.3840682768923968,0.307705395624221,137
Syrian Arab Republic,0.1358913768647058,0.0743948159425676,0.615016992353441,0.3552109201366935,0.29820335437045886,138
Suriname,0.0737471163521128,0.3785423411676922,0.615016992353441,0.1714482387703455,0.29444891092011893,139
Equatorial Guinea,0.0560676603138352,0.1671001434614802,0.615016992353441,0.3552109201366935,0.2927973049089802,140
Eswatini,0.2420047419047426,0.3150557358363591,0.2300339847068818,0.3552109201366935,0.28192379594958844,141
Afghanistan,0.0610516005380055,0.102615014056443,0.615016992353441,0.3552109201366935,0.28139546109522384,142
Central African Republic,0.0205523956386631,0.1518859585218665,0.615016992353441,0.3552109201366935,0.27909988851850587,143
Angola,0.2274411567617198,0.2977401710398435,0.2920560747663551,0.3009719446820423,0.27603738609858397,144
Lebanon,0.3142402396745158,0.2330648139015806,0.1769328802039082,0.3552109201366935,0.2739209847678213,145
Tajikistan,0.304365142258967,0.273922688120869,0.1238317757009345,0.3552109201366935,0.2658547542612709,146
Mauritania,0.2519152571237976,0.3001384654321052,0.159303313508921,0.3552109201366935,0.26423082863496394,147
Mozambique,0.1701757940696429,0.2754857281360427,0.2743203058623619,0.3552109201366935,0.26353269034786525,148
Eritrea,0.0,0.088856877889039,0.615016992353441,0.3552109201366935,0.2603283537003414,149
Myanmar,0.1148774880758125,0.1413759290844218,0.3982582837723025,0.3698399394553571,0.254762988046543,150
Guatemala,0.2618465087617673,0.3121409483360726,0.159303313508921,0.2923819781985882,0.253903465222622,151
Nauru,0.1213986273286956,0.5061455163677087,0.0972812234494477,0.3552109201366935,0.2507717273686857,152
South Sudan,0.0077494154071724,0.0201261421088243,0.615016992353441,0.3552109201366935,0.2489070311664502,153
Chad,0.1065065938991995,0.2007546910387879,0.2212192013593882,0.4842051068569534,0.24845899343160283,154
Turkmenistan,0.1431475143387359,0.1742850609877841,0.615016992353441,0.0635626880057608,0.24744618658897805,155
Sudan,0.0598416387889014,0.098329870948969,0.615016992353441,0.1810731530476861,0.236641002176746,156
Honduras,0.1530787659767057,0.2795780487166018,0.203483432455395,0.3009161386125323,0.2279391323033139,157
Nicaragua,0.1542887277258097,0.1964772709589441,0.1769328802039082,0.3890415032781305,0.2270756683800414,158
Libya,0.2584009785731744,0.1207095039707569,0.1858538657604078,0.3088199064908667,0.22533063742892234,159
Iraq,0.2574107896862957,0.219908672870074,0.2124044180118946,0.1826152129705428,0.21995987922551288,160
Guinea,0.0882557582795792,0.2544265790206249,0.2300339847068818,0.329246242516694,0.2171821000938927,161
Zimbabwe,0.2595193682963511,0.2235026631873492,0.1503823279524214,0.2160812941167516,0.2141722486436684,162
Madagascar,0.1258502387956234,0.289553912480526,0.0707306711979609,0.3552109201366935,0.2021512519684558,163
Mali,0.164000206501554,0.2540790397009392,0.0796516567544605,0.288416805030704,0.19203298533694516,164
Burundi,0.0909125580383334,0.2267693547307254,0.0088147833474936,0.2993663040932398,0.14967291021782844,165
Liberia,0.0504072981046679,0.2611678516452462,0.0972812234494477,0.1599226499175314,0.13165672810219436,166
Haiti,0.0622981910974804,0.1088655739108627,0.0,0.2515412115441287,0.10334787499744882,167
United States of America,1.0,,0.615016992353441,0.3552109201366935,,168
"United Kingdom of Great
Britain and Northern Ireland",0.9240477396822298,,0.615016992353441,0.3552109201366935,,169
Republic of Korea,0.9183507486626918,,0.615016992353441,0.3552109201366935,,170
Taiwan,0.7590376695795309,,0.615016992353441,0.3552109201366935,,171
Egypt,0.7068441861169577,,0.6460280373831776,0.3552109201366935,,172
Republic of Moldova,0.5928091606796755,,0.615016992353441,0.3552109201366935,,173
Iran (Islamic Republic of),0.5408427161205154,,0.615016992353441,0.3552109201366935,,174
Slovakia,0.5020638543017402,,0.9380841121495328,0.3552109201366935,,175
Côte D'Ivoire,0.4542193619161699,,0.615016992353441,0.3552109201366935,,176
United Republic of Tanzania,0.4235684629791386,,0.615016992353441,0.3552109201366935,,177
State of Palestine,0.3183988206584764,,0.615016992353441,0.3552109201366935,,178
Kyrgyzstan,0.3000051028179664,,0.5929269328802039,0.3552109201366935,,179
Bahamas,0.2715555655237825,,0.615016992353441,0.3552109201366935,,180
"Lao People's Democratic
Republic",0.2653457711590519,,0.615016992353441,0.3552109201366935,,181
Bolivia (Plurinational State of),0.225132330701489,,0.615016992353441,0.3552109201366935,,182
"Democratic Republic of the
Congo",0.2195818549234346,,0.615016992353441,0.3552109201366935,,183
"Venezuela, Bolivarian
Republic of",0.2070694831611816,,0.615016992353441,0.3552109201366935,,184
Saint Lucia,0.2017192548333025,,0.615016992353441,0.3552109201366935,,185
Gambia (Republic of The),0.187906560302883,,0.615016992353441,0.3552109201366935,,186
Somalia,0.1498725340623882,,0.615016992353441,0.2619649703562118,,187
"Saint Vincent and the
Grenadines",0.1408203738733197,,0.615016992353441,0.3552109201366935,,188
"Micronesia (Federated States
of)",0.1304678909160848,,0.615016992353441,0.3552109201366935,,189
Saint Kitts and Nevis,0.1288733266580864,,0.615016992353441,0.3552109201366935,,190
Congo,0.1002223309068626,,0.2300339847068818,0.3552109201366935,,191
"Democratic People's Republic
of Korea",0.0935156255883958,,0.615016992353441,0.3552109201366935,,192
Sao Tome and Principe,0.0850128975548908,,0.615016992353441,0.3552109201366935,,193
Yemen,0.0285386873063819,,0.615016992353441,0.3552109201366935,,194
Guinea Bissau,0.0060083359076905,,0.615016992353441,0.3552109201366935,,195
