country,SCI_ULTRA_SCORE,SCI_ADJUSTED_SCORE,confidence_score,rank_raw,rank_adjusted,rank_gap,capability_tier,confidence_level,risk_flag
denmark,0.8753998576137579,0.8753998576137579,1.0,1,1.0,0.0,High Capability,High Confidence,False
norway,0.855009315632975,0.855009315632975,1.0,2,2.0,0.0,High Capability,High Confidence,False
singapore,0.8374242680862908,0.8374242680862908,1.0,3,3.0,0.0,High Capability,High Confidence,False
australia,0.8089608984427857,0.8089608984427857,1.0,4,4.0,0.0,High Capability,High Confidence,False
germany,0.8044732312636547,0.8044732312636547,1.0,5,5.0,0.0,High Capability,High Confidence,False
ireland,0.8033132166043558,0.8033132166043558,1.0,6,6.0,0.0,High Capability,High Confidence,False
luxembourg,0.7917286570923164,0.7917286570923164,1.0,7,7.0,0.0,High Capability,High Confidence,False
finland,0.7879156777647192,0.7879156777647192,1.0,8,8.0,0.0,High Capability,High Confidence,False
canada,0.7809736828761035,0.7809736828761035,1.0,9,9.0,0.0,High Capability,High Confidence,False
sweden,0.7667092768213258,0.7667092768213258,1.0,10,10.0,0.0,High Capability,High Confidence,False
france,0.7645157874764792,0.7645157874764792,1.0,11,11.0,0.0,High Capability,High Confidence,False
japan,0.7553829330333746,0.7553829330333746,1.0,12,12.0,0.0,High Capability,High Confidence,False
netherlands,0.7525794836374291,0.5644346127280718,0.75,13,35.0,22.0,High Capability,Moderate Confidence,False
estonia,0.7487755369802631,0.5615816527351973,0.75,14,36.0,22.0,Upper-Mid,Moderate Confidence,False
switzerland,0.7470343602730322,0.7470343602730322,1.0,15,13.0,-2.0,Upper-Mid,High Confidence,False
belgium,0.7399547958756401,0.7399547958756401,1.0,16,14.0,-2.0,Upper-Mid,High Confidence,False
united arab emirates,0.7382479247353328,0.7382479247353328,1.0,17,15.0,-2.0,Upper-Mid,High Confidence,False
austria,0.7380637958518065,0.7380637958518065,1.0,18,16.0,-2.0,Upper-Mid,High Confidence,False
spain,0.7310045619295971,0.7310045619295971,1.0,19,17.0,-2.0,Upper-Mid,High Confidence,False
iceland,0.7129433724835645,0.7129433724835645,1.0,20,18.0,-2.0,Upper-Mid,High Confidence,False
lithuania,0.7080552407685099,0.5310414305763824,0.75,21,43.0,22.0,Upper-Mid,Moderate Confidence,False
poland,0.6902887793741215,0.5177165845305911,0.75,22,45.0,23.0,Upper-Mid,Moderate Confidence,False
saudi arabia,0.6893035358900217,0.6893035358900217,1.0,23,19.0,-4.0,Upper-Mid,High Confidence,False
italy,0.6840871083033842,0.6840871083033842,1.0,24,20.0,-4.0,Upper-Mid,High Confidence,False
new zealand,0.6838573375135343,0.6838573375135343,1.0,25,21.0,-4.0,Upper-Mid,High Confidence,False
portugal,0.6783341536119561,0.6783341536119561,1.0,26,22.0,-4.0,Upper-Mid,High Confidence,False
slovenia,0.6654656040099083,0.4990992030074312,0.75,27,53.0,26.0,Upper-Mid,Moderate Confidence,False
cyprus,0.6602119524121601,0.6602119524121601,1.0,28,23.0,-5.0,Upper-Mid,High Confidence,False
latvia,0.6453630553259151,0.4840222914944363,0.75,29,59.0,30.0,Upper-Mid,Moderate Confidence,False
israel,0.643540650767014,0.5148325206136113,0.8,30,47.0,17.0,Upper-Mid,Moderate Confidence,False
india,0.643533797900114,0.643533797900114,1.0,31,24.0,-7.0,Upper-Mid,High Confidence,False
greece,0.6423697826847518,0.6423697826847518,1.0,32,25.0,-7.0,Upper-Mid,High Confidence,False
chile,0.6295676889329589,0.6295676889329589,1.0,33,26.0,-7.0,Upper-Mid,High Confidence,False
united states of america,0.6283385892513778,0.18850157677541335,0.30000000000000004,34,160.0,126.0,Upper-Mid,Low Confidence,False
czechia,0.6269937935317409,0.3448465864424575,0.55,35,91.0,56.0,Upper-Mid,Low Confidence,False
hungary,0.6267473760529683,0.6267473760529683,1.0,36,27.0,-9.0,Upper-Mid,High Confidence,False
uruguay,0.6190120337051097,0.6190120337051097,1.0,37,28.0,-9.0,Upper-Mid,High Confidence,False
china,0.6169078314086622,0.4626808735564967,0.75,38,62.0,24.0,Upper-Mid,Moderate Confidence,False
romania,0.61147371695217,0.61147371695217,1.0,39,29.0,-10.0,Upper-Mid,High Confidence,False
jordan,0.6077880883480862,0.6077880883480862,1.0,40,30.0,-10.0,Upper-Mid,High Confidence,False
united kingdom of great britain and northern ireland,0.6055529111560467,0.18166587334681403,0.30000000000000004,41,161.0,120.0,Upper-Mid,Low Confidence,False
malaysia,0.6044553057674213,0.6044553057674213,1.0,42,31.0,-11.0,Upper-Mid,High Confidence,False
republic of korea,0.6038438138501852,0.18115314415505557,0.30000000000000004,43,162.0,119.0,Upper-Mid,Low Confidence,False
malta,0.6001516372103471,0.6001516372103471,1.0,44,32.0,-12.0,Upper-Mid,High Confidence,False
serbia,0.5864109886916855,0.43980824151876413,0.75,45,64.0,19.0,Mid,Moderate Confidence,False
oman,0.5747574752558786,0.5747574752558786,1.0,46,33.0,-13.0,Mid,High Confidence,False
qatar,0.5707375017914643,0.5707375017914643,1.0,47,34.0,-13.0,Mid,High Confidence,False
croatia,0.5609348971039048,0.42070117282792857,0.75,48,73.0,25.0,Mid,Moderate Confidence,False
taiwan,0.556049890125237,0.16681496703757112,0.30000000000000004,49,167.0,118.0,Mid,Low Confidence,False
bahrain,0.5549831601352375,0.41623737010142814,0.75,50,74.0,24.0,Mid,Moderate Confidence,False
kazakhstan,0.5549240119429464,0.4161930089572098,0.75,51,75.0,24.0,Mid,Moderate Confidence,False
bulgaria,0.5538994203340236,0.5538994203340236,1.0,52,37.0,-15.0,Mid,High Confidence,False
brazil,0.5518584694738261,0.5518584694738261,1.0,53,38.0,-15.0,Mid,High Confidence,False
liechtenstein,0.5515873743552753,0.3033730558954014,0.55,54,113.0,59.0,Mid,Low Confidence,False
rwanda,0.548845353529675,0.548845353529675,1.0,55,39.0,-16.0,Mid,High Confidence,False
egypt,0.5465940540924124,0.2732970270462062,0.5,56,126.0,70.0,Mid,Low Confidence,False
mauritius,0.5439700913208696,0.5439700913208696,1.0,57,40.0,-17.0,Mid,High Confidence,False
slovakia,0.5435711695011181,0.27178558475055903,0.5,58,128.0,70.0,Mid,Low Confidence,False
brunei darussalam,0.5434931381020704,0.4347945104816564,0.8,59,67.0,8.0,Mid,Moderate Confidence,False
ukraine,0.5362168630451566,0.5362168630451566,1.0,60,41.0,-19.0,Mid,High Confidence,False
thailand,0.5361076411546313,0.5361076411546313,1.0,61,42.0,-19.0,Mid,High Confidence,False
monaco,0.5303968969622848,0.29171829332925664,0.55,62,117.0,55.0,Mid,Low Confidence,False
andorra,0.5293780349156216,0.2911579192035919,0.55,63,118.0,55.0,Mid,Low Confidence,False
argentina,0.526345195425486,0.526345195425486,1.0,64,44.0,-20.0,Mid,High Confidence,False
azerbaijan,0.5232883371428902,0.3924662528571677,0.75,65,79.0,14.0,Mid,Moderate Confidence,False
viet nam,0.5186676374012587,0.28526720057069227,0.55,66,121.0,55.0,Mid,Low Confidence,False
philippines,0.5165982368030709,0.5165982368030709,1.0,67,46.0,-21.0,Mid,High Confidence,False
albania,0.5145204917311818,0.5145204917311818,1.0,68,48.0,-20.0,Mid,High Confidence,False
türkiye,0.511733110265439,0.2814532106459915,0.55,69,122.0,53.0,Mid,Low Confidence,False
peru,0.5084650684195643,0.5084650684195643,1.0,70,49.0,-21.0,Mid,High Confidence,False
indonesia,0.5078914832882795,0.5078914832882795,1.0,71,50.0,-21.0,Mid,High Confidence,False
republic of moldova,0.5061813374552804,0.15185440123658414,0.30000000000000004,72,170.0,98.0,Mid,Low Confidence,False
georgia,0.5047953650927823,0.5047953650927823,1.0,73,51.0,-22.0,Mid,High Confidence,False
bhutan,0.5045700069781947,0.5045700069781947,1.0,74,52.0,-22.0,Mid,High Confidence,False
russian federation,0.5041289767475625,0.40330318139805005,0.8,75,77.0,2.0,Mid,Moderate Confidence,False
dominican republic,0.49867421882737667,0.49867421882737667,1.0,76,54.0,-22.0,Mid,High Confidence,False
san marino,0.4959738910298967,0.2727856400664432,0.55,77,127.0,50.0,Mid,Low Confidence,False
montenegro,0.4958267521866436,0.4958267521866436,1.0,78,55.0,-23.0,Mid,High Confidence,False
north macedonia,0.49106280885361914,0.36829710664021437,0.75,79,83.0,4.0,Mid,Moderate Confidence,False
iran (islamic republic of),0.4905914040875323,0.1471774212262597,0.30000000000000004,80,173.0,93.0,Mid,Low Confidence,False
kuwait,0.48645478369306705,0.48645478369306705,1.0,81,56.0,-25.0,Mid,High Confidence,False
benin,0.48607214507575935,0.48607214507575935,1.0,82,57.0,-25.0,Mid,High Confidence,False
ghana,0.48553353270975946,0.48553353270975946,1.0,83,58.0,-25.0,Mid,High Confidence,False
uzbekistan,0.479657942259683,0.35974345669476226,0.75,84,85.0,1.0,Mid,Moderate Confidence,False
colombia,0.4789774717597771,0.38318197740782173,0.8,85,80.0,-5.0,Mid,Moderate Confidence,False
south africa,0.4779627687293762,0.35847207654703217,0.75,86,87.0,1.0,Mid,Moderate Confidence,False
bangladesh,0.47525637564455664,0.47525637564455664,1.0,87,60.0,-27.0,Mid,High Confidence,False
zambia,0.4750183722045328,0.3800146977636263,0.8,88,81.0,-7.0,Mid,Moderate Confidence,False
sri lanka,0.4694217023807924,0.2581819363094358,0.55,89,132.0,43.0,Mid,Low Confidence,False
costa rica,0.46937580585393235,0.46937580585393235,1.0,90,61.0,-29.0,Mid,High Confidence,False
côte d'ivoire,0.46436335256954664,0.25539984391325066,0.55,91,133.0,42.0,Mid,Low Confidence,False
united republic of tanzania,0.45540912814511925,0.13662273844353579,0.30000000000000004,92,178.0,86.0,Mid,Low Confidence,False
morocco,0.4520517027902645,0.4520517027902645,1.0,93,63.0,-30.0,Mid,High Confidence,False
nepal,0.4490272226818694,0.35922177814549555,0.8,94,86.0,-8.0,Emerging / Fragile,Moderate Confidence,False
seychelles,0.4459010504434084,0.35672084035472673,0.8,95,89.0,-6.0,Emerging / Fragile,Moderate Confidence,False
tunisia,0.4394947643882104,0.4394947643882104,1.0,96,65.0,-31.0,Emerging / Fragile,High Confidence,False
kenya,0.43611559838354824,0.43611559838354824,1.0,97,66.0,-31.0,Emerging / Fragile,High Confidence,False
cabo verde,0.4305630718167485,0.34445045745339886,0.8,98,92.0,-6.0,Emerging / Fragile,Moderate Confidence,False
botswana,0.4298524979037495,0.4298524979037495,1.0,99,68.0,-31.0,Emerging / Fragile,High Confidence,False
panama,0.4275234172940045,0.4275234172940045,1.0,100,69.0,-31.0,Emerging / Fragile,High Confidence,False
el salvador,0.4271971807106784,0.34175774456854274,0.8,101,93.0,-8.0,Emerging / Fragile,Moderate Confidence,False
nigeria,0.4267166944836893,0.4267166944836893,1.0,102,70.0,-32.0,Emerging / Fragile,High Confidence,False
mongolia,0.42628746354323677,0.42628746354323677,1.0,103,71.0,-32.0,Emerging / Fragile,High Confidence,False
ethiopia,0.424327981208006,0.3182459859060045,0.75,104,103.0,-1.0,Emerging / Fragile,Moderate Confidence,False
state of palestine,0.4238582354489206,0.1271574706346762,0.30000000000000004,105,180.0,75.0,Emerging / Fragile,Low Confidence,False
jamaica,0.42333744138923096,0.42333744138923096,1.0,106,72.0,-34.0,Emerging / Fragile,High Confidence,False
tuvalu,0.4207334629848937,0.336586770387915,0.8,107,96.0,-11.0,Emerging / Fragile,Moderate Confidence,False
namibia,0.420015655288949,0.33601252423115924,0.8,108,97.0,-11.0,Emerging / Fragile,Moderate Confidence,False
senegal,0.4158142490549771,0.4158142490549771,1.0,109,76.0,-33.0,Emerging / Fragile,High Confidence,False
palau,0.41408060310044953,0.22774433170524727,0.55,110,140.0,30.0,Emerging / Fragile,Low Confidence,False
kyrgyzstan,0.4139221082021202,0.2069610541010601,0.5,111,151.0,40.0,Emerging / Fragile,Low Confidence,False
bahamas,0.40980525890851244,0.12294157767255375,0.30000000000000004,112,181.0,69.0,Emerging / Fragile,Low Confidence,False
barbados,0.40948115458061773,0.3275849236644942,0.8,113,99.0,-14.0,Emerging / Fragile,Moderate Confidence,False
guyana,0.40892633508814913,0.32714106807051935,0.8,114,100.0,-14.0,Emerging / Fragile,Moderate Confidence,False
kiribati,0.4076255189631505,0.32610041517052046,0.8,115,101.0,-14.0,Emerging / Fragile,Moderate Confidence,False
fiji,0.40741083533669703,0.3055581265025228,0.75,116,110.0,-6.0,Emerging / Fragile,Moderate Confidence,False
ecuador,0.398215463108221,0.398215463108221,1.0,117,78.0,-39.0,Emerging / Fragile,High Confidence,False
armenia,0.39718110206472595,0.29788582654854445,0.75,118,115.0,-3.0,Emerging / Fragile,Moderate Confidence,False
bolivia (plurinational state of),0.3958782884618244,0.11876348653854733,0.30000000000000004,119,183.0,64.0,Emerging / Fragile,Low Confidence,False
democratic republic of the congo,0.3942131457284081,0.11826394371852245,0.30000000000000004,120,184.0,64.0,Emerging / Fragile,Low Confidence,False
solomon islands,0.3924402392496018,0.31395219139968145,0.8,121,104.0,-17.0,Emerging / Fragile,Moderate Confidence,False
vanuatu,0.3918721978034581,0.3134977582427665,0.8,122,105.0,-17.0,Emerging / Fragile,Moderate Confidence,False
"venezuela, bolivarian republic of",0.39045943419973217,0.11713783025991967,0.30000000000000004,123,185.0,62.0,Emerging / Fragile,Low Confidence,False
lesotho,0.3900114281364216,0.2145062854750319,0.55,124,146.0,22.0,Emerging / Fragile,Low Confidence,False
saint lucia,0.38885436570136844,0.11665630971041055,0.30000000000000004,125,186.0,61.0,Emerging / Fragile,Low Confidence,False
samoa,0.38705499507791896,0.30964399606233517,0.8,126,107.0,-19.0,Emerging / Fragile,Moderate Confidence,False
gambia (republic of the),0.3847105573422426,0.11541316720267279,0.30000000000000004,127,187.0,60.0,Emerging / Fragile,Low Confidence,False
togo,0.3827025615422679,0.30616204923381435,0.8,128,108.0,-20.0,Emerging / Fragile,Moderate Confidence,False
grenada,0.3824212229852981,0.3059369783882385,0.8,129,109.0,-20.0,Emerging / Fragile,Moderate Confidence,False
tonga,0.3805385065198756,0.3044308052159005,0.8,130,111.0,-19.0,Emerging / Fragile,Moderate Confidence,False
cuba,0.3804096418593856,0.2092253030226621,0.55,131,148.0,17.0,Emerging / Fragile,Low Confidence,False
paraguay,0.37951379984660405,0.3036110398772833,0.8,132,112.0,-20.0,Emerging / Fragile,Moderate Confidence,False
lao people's democratic republic,0.37766047881664755,0.20771326334915616,0.55,133,149.0,16.0,Emerging / Fragile,Low Confidence,False
trinidad and tobago,0.373752527018749,0.2990020216149992,0.8,134,114.0,-20.0,Emerging / Fragile,Moderate Confidence,False
dominica,0.37184928227677205,0.2974794258214177,0.8,135,116.0,-19.0,Emerging / Fragile,Moderate Confidence,False
mexico,0.3706893961843112,0.3706893961843112,1.0,136,82.0,-54.0,Emerging / Fragile,High Confidence,False
saint vincent and the grenadines,0.3705847014133736,0.11117541042401209,0.30000000000000004,137,188.0,51.0,Emerging / Fragile,Low Confidence,False
micronesia (federated states of),0.36747895652620316,0.11024368695786096,0.30000000000000004,138,189.0,51.0,Emerging / Fragile,Low Confidence,False
saint kitts and nevis,0.36700058724880363,0.1101001761746411,0.30000000000000004,139,190.0,51.0,Emerging / Fragile,Low Confidence,False
belarus,0.3645870620297691,0.200522884116373,0.55,140,156.0,16.0,Emerging / Fragile,Low Confidence,False
algeria,0.3625540786452853,0.3625540786452853,1.0,141,84.0,-57.0,Emerging / Fragile,High Confidence,False
belize,0.36004897711369377,0.28803918169095505,0.8,142,119.0,-23.0,Emerging / Fragile,Moderate Confidence,False
marshall islands,0.3599842828296709,0.197991355556319,0.55,143,157.0,14.0,Emerging / Fragile,Low Confidence,False
antigua and barbuda,0.3570079650440067,0.3570079650440067,1.0,144,88.0,-56.0,Emerging / Fragile,High Confidence,False
gabon,0.35697266747370066,0.28557813397896054,0.8,145,120.0,-25.0,Emerging / Fragile,Moderate Confidence,False
democratic people's republic of korea,0.3563932769278964,0.10691798307836894,0.30000000000000004,146,192.0,46.0,Emerging / Fragile,Low Confidence,False
pakistan,0.35494582336168007,0.35494582336168007,1.0,147,90.0,-57.0,Emerging / Fragile,High Confidence,False
sao tome and principe,0.35384245851784496,0.10615273755535351,0.30000000000000004,148,193.0,45.0,Emerging / Fragile,Low Confidence,False
papua new guinea,0.3504794326208952,0.2803835460967162,0.8,149,123.0,-26.0,Emerging / Fragile,Moderate Confidence,False
somalia,0.35026216046250236,0.19264418825437632,0.55,150,159.0,9.0,Emerging / Fragile,Low Confidence,False
cameroon,0.3461171157872425,0.276893692629794,0.8,151,124.0,-27.0,Emerging / Fragile,Moderate Confidence,False
maldives,0.3409369381942894,0.3409369381942894,1.0,152,94.0,-58.0,Emerging / Fragile,High Confidence,False
yemen,0.3369001954432923,0.10107005863298771,0.30000000000000004,153,194.0,41.0,Emerging / Fragile,Low Confidence,False
uganda,0.33675725892480296,0.33675725892480296,1.0,154,95.0,-59.0,Emerging / Fragile,High Confidence,False
bosnia and herzegovina,0.335762450690333,0.335762450690333,1.0,155,98.0,-57.0,Emerging / Fragile,High Confidence,False
sierra leone,0.3322660171702244,0.26581281373617954,0.8,156,129.0,-27.0,Emerging / Fragile,Moderate Confidence,False
guinea bissau,0.33014109002368486,0.09904232700710547,0.30000000000000004,157,195.0,38.0,Emerging / Fragile,Low Confidence,False
malawi,0.32947893921284277,0.2635831513702742,0.8,158,130.0,-28.0,Emerging / Fragile,Moderate Confidence,False
burkina faso,0.32130007212422107,0.32130007212422107,1.0,159,102.0,-57.0,Emerging / Fragile,High Confidence,False
timor-leste,0.3206411595511506,0.17635263775313284,0.55,160,164.0,4.0,Emerging / Fragile,Low Confidence,False
niger,0.3174196962831638,0.25393575702653104,0.8,161,134.0,-27.0,Emerging / Fragile,Moderate Confidence,False
djibouti,0.31712562883000583,0.25370050306400466,0.8,162,135.0,-27.0,Emerging / Fragile,Moderate Confidence,False
cambodia,0.3123602360440335,0.3123602360440335,1.0,163,106.0,-57.0,Emerging / Fragile,High Confidence,False
comoros,0.3054077395349549,0.16797425674422523,0.55,164,166.0,2.0,Emerging / Fragile,Low Confidence,False
eswatini,0.2859015850685337,0.21442618880140027,0.75,165,147.0,-18.0,Emerging / Fragile,Moderate Confidence,False
suriname,0.28262517836083145,0.22610014268866518,0.8,166,141.0,-25.0,Emerging / Fragile,Moderate Confidence,False
congo,0.28140868699412463,0.14070434349706232,0.5,167,174.0,7.0,Emerging / Fragile,Low Confidence,False
lebanon,0.2764542830151763,0.20734071226138223,0.75,168,150.0,-18.0,Emerging / Fragile,Moderate Confidence,False
angola,0.2763215909122584,0.2763215909122584,1.0,169,125.0,-44.0,Emerging / Fragile,High Confidence,False
tajikistan,0.27308600144473905,0.20481450108355428,0.75,170,152.0,-18.0,Emerging / Fragile,Moderate Confidence,False
mauritania,0.27099928779359456,0.20324946584519593,0.75,171,153.0,-18.0,Emerging / Fragile,Moderate Confidence,False
nauru,0.2709416435770702,0.20320623268280263,0.75,172,154.0,-18.0,Emerging / Fragile,Moderate Confidence,False
syrian arab republic,0.2708989471123866,0.14899442091181264,0.55,173,171.0,-2.0,Emerging / Fragile,Low Confidence,False
equatorial guinea,0.2701281640268536,0.14857049021476948,0.55,174,172.0,-2.0,Emerging / Fragile,Low Confidence,False
mozambique,0.2633176630240207,0.19748824726801553,0.75,175,158.0,-17.0,Emerging / Fragile,Moderate Confidence,False
guatemala,0.2615453469639796,0.2615453469639796,1.0,176,131.0,-45.0,Emerging / Fragile,High Confidence,False
central african republic,0.2556700383893985,0.1406185211141692,0.55,177,175.0,-2.0,Emerging / Fragile,Low Confidence,False
afghanistan,0.25550206374284534,0.14052613505856495,0.55,178,176.0,-2.0,Emerging / Fragile,Low Confidence,False
chad,0.2474357679155728,0.2474357679155728,1.0,179,136.0,-43.0,Emerging / Fragile,High Confidence,False
myanmar,0.24191887031214898,0.24191887031214898,1.0,180,137.0,-43.0,Emerging / Fragile,High Confidence,False
eritrea,0.23374704953959272,0.128560877246776,0.55,181,179.0,-2.0,Emerging / Fragile,Low Confidence,False
honduras,0.23174386311637424,0.23174386311637424,1.0,182,138.0,-44.0,Emerging / Fragile,High Confidence,False
nicaragua,0.2280528879177932,0.2280528879177932,1.0,183,139.0,-44.0,Emerging / Fragile,High Confidence,False
turkmenistan,0.2254095900206952,0.18032767201655617,0.8,184,163.0,-21.0,Emerging / Fragile,Moderate Confidence,False
libya,0.2220734193394398,0.2220734193394398,1.0,185,142.0,-43.0,Emerging / Fragile,High Confidence,False
iraq,0.22033509196842185,0.22033509196842185,1.0,186,143.0,-43.0,Emerging / Fragile,High Confidence,False
south sudan,0.21888919021669076,0.12038905461917992,0.55,187,182.0,-5.0,Emerging / Fragile,Low Confidence,False
guinea,0.21840172980957984,0.21840172980957984,1.0,188,144.0,-44.0,Emerging / Fragile,High Confidence,False
zimbabwe,0.21782826540541478,0.21782826540541478,1.0,189,145.0,-44.0,Emerging / Fragile,High Confidence,False
madagascar,0.21281911559505548,0.1596143366962916,0.75,190,169.0,-21.0,Emerging / Fragile,Moderate Confidence,False
sudan,0.2108066461065224,0.16864531688521792,0.8,191,165.0,-26.0,Emerging / Fragile,Moderate Confidence,False
mali,0.20075435448426912,0.20075435448426912,1.0,192,155.0,-37.0,Emerging / Fragile,High Confidence,False
burundi,0.16057063878699002,0.16057063878699002,1.0,193,168.0,-25.0,Emerging / Fragile,High Confidence,False
liberia,0.13985105951198432,0.13985105951198432,1.0,194,177.0,-17.0,Emerging / Fragile,High Confidence,False
haiti,0.10879115369299197,0.10879115369299197,1.0,195,191.0,-4.0,Emerging / Fragile,High Confidence,False
