File,Path,Size_KB
.last_opt_in_prompt.yaml,/content/.config/.last_opt_in_prompt.yaml,0.0
.last_survey_prompt.yaml,/content/.config/.last_survey_prompt.yaml,0.04
.last_update_check.json,/content/.config/.last_update_check.json,0.13
13.31.42.499627.log,/content/.config/logs/2026.06.04/13.31.42.499627.log,49.59
13.32.02.654775.log,/content/.config/logs/2026.06.04/13.32.02.654775.log,0.45
13.32.18.735754.log,/content/.config/logs/2026.06.04/13.32.18.735754.log,12.36
13.32.21.210570.log,/content/.config/logs/2026.06.04/13.32.21.210570.log,0.45
13.32.38.346437.log,/content/.config/logs/2026.06.04/13.32.38.346437.log,0.69
13.32.39.344962.log,/content/.config/logs/2026.06.04/13.32.39.344962.log,0.68
ACADEMIC_LICENSE.txt,/content/ACADEMIC_LICENSE.txt,0.22
ACADEMIC_LICENSE.txt,/content/QSSI_2026_INSTITUTIONAL_RELEASE/license/ACADEMIC_LICENSE.txt,0.22
ACADEMIC_LICENSE.txt,/content/QSSI_2026_Distribution/license/ACADEMIC_LICENSE.txt,0.22
AI_INDEX_2026_v1 (3).csv,/content/AI_INDEX_2026_v1 (3).csv,13.57
CHANGELOG.md,/content/QSSI_2026_WORLD_PUBLICATION_PACKAGE/CHANGELOG.md,0.35
CITATION.cff,/content/QSSI_2026_INSTITUTIONAL_RELEASE/citation/CITATION.cff,0.59
CITATION.cff,/content/CITATION.cff,0.59
CITATION.cff,/content/QSSI_2026_Distribution/citation/CITATION.cff,0.59
COMMERCIAL_LICENSE.txt,/content/QSSI_2026_INSTITUTIONAL_RELEASE/license/COMMERCIAL_LICENSE.txt,0.25
COMMERCIAL_LICENSE.txt,/content/COMMERCIAL_LICENSE.txt,0.25
COMMERCIAL_LICENSE.txt,/content/QSSI_2026_Distribution/license/COMMERCIAL_LICENSE.txt,0.25
COUNTRY_COVERAGE_MATRIX.csv,/content/COUNTRY_COVERAGE_MATRIX.csv,19.6
DISCLAIMER.txt,/content/QSSI_2026_Distribution/license/DISCLAIMER.txt,0.24
DISCLAIMER.txt,/content/DISCLAIMER.txt,0.24
DISCLAIMER.txt,/content/QSSI_2026_INSTITUTIONAL_RELEASE/license/DISCLAIMER.txt,0.24
LEGAL_WGI_2026_v1 (3).csv,/content/LEGAL_WGI_2026_v1 (3).csv,22.52
LICENSE.txt,/content/QSSI_2026_INSTITUTIONAL_RELEASE/license/LICENSE.txt,0.57
LICENSE.txt,/content/QSSI_2026_Distribution/license/LICENSE.txt,0.57
LICENSE.txt,/content/LICENSE.txt,0.57
PQC_NCSI_2026 (3).csv,/content/PQC_NCSI_2026 (3).csv,3.4
QSSI_2026.bib,/content/QSSI_2026_INSTITUTIONAL_RELEASE/citation/QSSI_2026.bib,0.54
QSSI_2026.bib,/content/QSSI_2026_Distribution/citation/QSSI_2026.bib,0.54
QSSI_2026.bib,/content/QSSI_2026.bib,0.54
QSSI_2026.ris,/content/QSSI_2026_INSTITUTIONAL_RELEASE/citation/QSSI_2026.ris,0.35
QSSI_2026.ris,/content/QSSI_2026_Distribution/citation/QSSI_2026.ris,0.35
QSSI_2026.ris,/content/QSSI_2026.ris,0.35
QSSI_2026_API_Metadata.json,/content/QSSI_2026_COMMERCIAL_DEPLOYMENT/QSSI_2026_API_Metadata.json,0.15
QSSI_2026_Academic_Metadata.json,/content/QSSI_2026_COMMERCIAL_DEPLOYMENT/QSSI_2026_Academic_Metadata.json,0.19
QSSI_2026_Archive_Integrity_Validation.csv,/content/QSSI_2026_STAGE14D_OUTPUTS/QSSI_2026_Archive_Integrity_Validation.csv,0.17
QSSI_2026_Archive_Readiness.csv,/content/QSSI_2026_Archive_Readiness.csv,0.09
QSSI_2026_Artifact_Registry.csv,/content/QSSI_2026_Artifact_Registry.csv,0.51
QSSI_2026_Artifact_Registry.csv,/content/QSSI_2026_Distribution/reproducibility/QSSI_2026_Artifact_Registry.csv,0.51
QSSI_2026_Artifact_Registry.csv,/content/QSSI_2026_INSTITUTIONAL_RELEASE/reproducibility/QSSI_2026_Artifact_Registry.csv,0.51
QSSI_2026_Auditability_Framework.csv,/content/QSSI_2026_STAGE15B_OUTPUTS/QSSI_2026_Auditability_Framework.csv,0.16
QSSI_2026_Benchmark_Report.csv,/content/QSSI_2026_Distribution/benchmark/QSSI_2026_Benchmark_Report.csv,0.16
QSSI_2026_Benchmark_Report.csv,/content/QSSI_2026_INSTITUTIONAL_RELEASE/benchmark/QSSI_2026_Benchmark_Report.csv,0.16
QSSI_2026_Benchmark_Report.csv,/content/QSSI_2026_Benchmark_Report.csv,0.16
QSSI_2026_Benchmark_Scorecard.csv,/content/QSSI_2026_Benchmark_Scorecard.csv,0.21
QSSI_2026_Benchmark_Scorecard.csv,/content/QSSI_2026_INSTITUTIONAL_RELEASE/benchmark/QSSI_2026_Benchmark_Scorecard.csv,0.21
QSSI_2026_Benchmark_Scorecard.csv,/content/QSSI_2026_Distribution/benchmark/QSSI_2026_Benchmark_Scorecard.csv,0.21
QSSI_2026_CLOCKSS_Readiness.csv,/content/QSSI_2026_STAGE14D_OUTPUTS/QSSI_2026_CLOCKSS_Readiness.csv,0.11
QSSI_2026_COMPLETE_ARTIFACT_INVENTORY.csv,/content/QSSI_2026_COMPLETE_ARTIFACT_INVENTORY.csv,16.94
QSSI_2026_COMPLETE_MASTER_ARCHIVE.zip,/content/QSSI_2026_COMPLETE_MASTER_ARCHIVE.zip,561.38
QSSI_2026_COMPLETE_WORLD_RELEASE_ARCHIVE.zip,/content/QSSI_2026_COMPLETE_WORLD_RELEASE_ARCHIVE.zip,27.81
QSSI_2026_Canonical_Certification.csv,/content/QSSI_2026_STAGE15C_OUTPUTS/QSSI_2026_Canonical_Certification.csv,0.17
QSSI_2026_Canonical_Governance.csv,/content/QSSI_2026_STAGE15C_OUTPUTS/QSSI_2026_Canonical_Governance.csv,0.15
QSSI_2026_Canonical_Manifest.csv,/content/QSSI_2026_STAGE15C_OUTPUTS/QSSI_2026_Canonical_Manifest.csv,0.13
QSSI_2026_Canonical_Release_Package.csv,/content/QSSI_2026_STAGE15C_OUTPUTS/QSSI_2026_Canonical_Release_Package.csv,0.22
QSSI_2026_Certification_Board_Review.csv,/content/QSSI_2026_STAGE15E_OUTPUTS/QSSI_2026_Certification_Board_Review.csv,0.15
QSSI_2026_Certification_Metadata.csv,/content/QSSI_2026_STAGE14E_OUTPUTS/QSSI_2026_Certification_Metadata.csv,0.14
QSSI_2026_Certification_Readiness.csv,/content/QSSI_2026_STAGE14E_OUTPUTS/QSSI_2026_Certification_Readiness.csv,0.2
QSSI_2026_Checksum_Report.csv,/content/QSSI_2026_STAGE14D_OUTPUTS/QSSI_2026_Checksum_Report.csv,0.71
QSSI_2026_Citation.txt,/content/QSSI_2026_Citation.txt,1.65
QSSI_2026_Citation.txt,/content/QSSI_2026_Distribution/citation/QSSI_2026_Citation.txt,1.65
QSSI_2026_Citation.txt,/content/QSSI_2026_INSTITUTIONAL_RELEASE/citation/QSSI_2026_Citation.txt,1.65
QSSI_2026_Citation_Strategy.csv,/content/QSSI_2026_STAGE14C_OUTPUTS/QSSI_2026_Citation_Strategy.csv,0.16
QSSI_2026_Community_Engagement.csv,/content/QSSI_2026_STAGE15D_OUTPUTS/QSSI_2026_Community_Engagement.csv,0.16
QSSI_2026_Compliance_Matrix.csv,/content/QSSI_2026_STAGE14E_OUTPUTS/QSSI_2026_Compliance_Matrix.csv,0.17
QSSI_2026_Copyright_Registry.csv,/content/QSSI_2026_IP_INFRASTRUCTURE/QSSI_2026_Copyright_Registry.csv,0.21
QSSI_2026_Correlation_Matrix.csv,/content/QSSI_2026_Correlation_Matrix.csv,0.53
QSSI_2026_Coverage_Summary.csv,/content/QSSI_2026_Coverage_Summary.csv,0.13
QSSI_2026_DISTRIBUTION_PACKAGE.zip,/content/QSSI_2026_DISTRIBUTION_PACKAGE.zip,40.92
QSSI_2026_Deployment_Manifest.json,/content/QSSI_2026_COMMERCIAL_DEPLOYMENT/QSSI_2026_Deployment_Manifest.json,0.32
QSSI_2026_Deployment_Readiness.csv,/content/QSSI_2026_STAGE15B_OUTPUTS/QSSI_2026_Deployment_Readiness.csv,0.13
QSSI_2026_Deployment_Targets.csv,/content/QSSI_2026_ENTERPRISE_INFRASTRUCTURE/QSSI_2026_Deployment_Targets.csv,0.12
QSSI_2026_Digital_Preservation_Metadata.csv,/content/QSSI_2026_STAGE14D_OUTPUTS/QSSI_2026_Digital_Preservation_Metadata.csv,0.13
QSSI_2026_Distribution_Matrix.csv,/content/QSSI_2026_COMMERCIAL_DEPLOYMENT/QSSI_2026_Distribution_Matrix.csv,0.08
QSSI_2026_Distribution_Registry.csv,/content/QSSI_2026_Distribution/manifest/QSSI_2026_Distribution_Registry.csv,1.39
QSSI_2026_Distribution_Rights.csv,/content/QSSI_2026_IP_INFRASTRUCTURE/QSSI_2026_Distribution_Rights.csv,0.09
QSSI_2026_Dominance_Analysis.csv,/content/QSSI_2026_INSTITUTIONAL_RELEASE/data/QSSI_2026_Dominance_Analysis.csv,0.43
QSSI_2026_Dominance_Analysis.csv,/content/QSSI_2026_Distribution/validation/QSSI_2026_Dominance_Analysis.csv,0.43
QSSI_2026_Dominance_Analysis.csv,/content/QSSI_2026_Dominance_Analysis.csv,0.43
QSSI_2026_Ecosystem_Readiness.csv,/content/QSSI_2026_STAGE15D_OUTPUTS/QSSI_2026_Ecosystem_Readiness.csv,0.16
QSSI_2026_Enterprise_Certification.csv,/content/QSSI_2026_STAGE15B_OUTPUTS/QSSI_2026_Enterprise_Certification.csv,0.17
QSSI_2026_Enterprise_Edition_Package.csv,/content/QSSI_2026_STAGE15B_OUTPUTS/QSSI_2026_Enterprise_Edition_Package.csv,0.19
QSSI_2026_Enterprise_Governance.csv,/content/QSSI_2026_STAGE15B_OUTPUTS/QSSI_2026_Enterprise_Governance.csv,0.15
QSSI_2026_Enterprise_Infrastructure_Manifest.json,/content/QSSI_2026_ENTERPRISE_INFRASTRUCTURE/QSSI_2026_Enterprise_Infrastructure_Manifest.json,0.38
QSSI_2026_Enterprise_Metadata.json,/content/QSSI_2026_COMMERCIAL_DEPLOYMENT/QSSI_2026_Enterprise_Metadata.json,0.26
QSSI_2026_Enterprise_Risk_Framework.csv,/content/QSSI_2026_STAGE15B_OUTPUTS/QSSI_2026_Enterprise_Risk_Framework.csv,0.12
QSSI_2026_Enterprise_Security_Readiness.csv,/content/QSSI_2026_STAGE15B_OUTPUTS/QSSI_2026_Enterprise_Security_Readiness.csv,0.14
QSSI_2026_Environment_Report.csv,/content/QSSI_2026_Distribution/reproducibility/QSSI_2026_Environment_Report.csv,0.15
QSSI_2026_Environment_Report.csv,/content/QSSI_2026_INSTITUTIONAL_RELEASE/data/QSSI_2026_Environment_Report.csv,0.15
QSSI_2026_Environment_Report.csv,/content/QSSI_2026_Environment_Report.csv,0.15
QSSI_2026_External_Validation.csv,/content/QSSI_2026_External_Validation.csv,0.69
QSSI_2026_FAIRD_Certification.json,/content/QSSI_2026_FAIRD_Certification.json,0.27
QSSI_2026_FAIRD_Compliance_Report.csv,/content/QSSI_2026_FAIRD_Compliance_Report.csv,0.16
QSSI_2026_FAIR_Assessment.csv,/content/QSSI_2026_FAIR_Assessment.csv,0.15
QSSI_2026_File_Hashes.csv,/content/QSSI_2026_File_Hashes.csv,1.37
QSSI_2026_File_Hashes.csv,/content/QSSI_2026_Distribution/reproducibility/QSSI_2026_File_Hashes.csv,1.37
QSSI_2026_File_Hashes.csv,/content/QSSI_2026_INSTITUTIONAL_RELEASE/reproducibility/QSSI_2026_File_Hashes.csv,1.37
QSSI_2026_Final_Audit_Report.csv,/content/QSSI_2026_Final_Audit_Report.csv,0.27
QSSI_2026_Final_Certification_Registry.csv,/content/QSSI_2026_STAGE15E_OUTPUTS/QSSI_2026_Final_Certification_Registry.csv,0.17
QSSI_2026_Final_Publication_Summary.csv,/content/QSSI_2026_Final_Publication_Summary.csv,0.25
QSSI_2026_Final_Rankings.csv,/content/QSSI_2026_Final_Rankings.csv,23.56
QSSI_2026_Global_Adoption_Framework.csv,/content/QSSI_2026_STAGE15D_OUTPUTS/QSSI_2026_Global_Adoption_Framework.csv,0.16
QSSI_2026_Global_Benchmark.csv,/content/QSSI_2026_Distribution/benchmark/QSSI_2026_Global_Benchmark.csv,0.16
QSSI_2026_Global_Benchmark.csv,/content/QSSI_2026_Global_Benchmark.csv,0.16
QSSI_2026_Global_Benchmark.csv,/content/QSSI_2026_INSTITUTIONAL_RELEASE/benchmark/QSSI_2026_Global_Benchmark.csv,0.16
QSSI_2026_Global_Canon_Registry.csv,/content/QSSI_2026_STAGE15C_OUTPUTS/QSSI_2026_Global_Canon_Registry.csv,0.17
QSSI_2026_Global_Certification_Package.csv,/content/QSSI_2026_STAGE15E_OUTPUTS/QSSI_2026_Global_Certification_Package.csv,0.19
QSSI_2026_Global_Dissemination_Plan.csv,/content/QSSI_2026_STAGE14C_OUTPUTS/QSSI_2026_Global_Dissemination_Plan.csv,0.24
QSSI_2026_Global_Distribution_Manifest.csv,/content/QSSI_2026_STAGE14F_OUTPUTS/QSSI_2026_Global_Distribution_Manifest.csv,0.13
QSSI_2026_Global_Impact_Readiness.csv,/content/QSSI_2026_STAGE15D_OUTPUTS/QSSI_2026_Global_Impact_Readiness.csv,0.16
QSSI_2026_Government_Metadata.json,/content/QSSI_2026_COMMERCIAL_DEPLOYMENT/QSSI_2026_Government_Metadata.json,0.19
QSSI_2026_High_Confidence_Ranking.csv,/content/QSSI_2026_High_Confidence_Ranking.csv,48.73
QSSI_2026_INSTITUTIONAL_RELEASE.zip,/content/QSSI_2026_INSTITUTIONAL_RELEASE.zip,41.13
QSSI_2026_IP_Audit_Report.csv,/content/QSSI_2026_IP_INFRASTRUCTURE/QSSI_2026_IP_Audit_Report.csv,0.14
QSSI_2026_IP_Manifest.json,/content/QSSI_2026_IP_INFRASTRUCTURE/QSSI_2026_IP_Manifest.json,0.38
QSSI_2026_Incremental_Validity.csv,/content/QSSI_2026_Incremental_Validity.csv,0.15
QSSI_2026_Indexing_Readiness.csv,/content/QSSI_2026_STAGE14C_OUTPUTS/QSSI_2026_Indexing_Readiness.csv,0.2
QSSI_2026_Infrastructure_Audit.csv,/content/QSSI_2026_ENTERPRISE_INFRASTRUCTURE/QSSI_2026_Infrastructure_Audit.csv,0.1
QSSI_2026_Institutional_Alignment.csv,/content/QSSI_2026_STAGE15D_OUTPUTS/QSSI_2026_Institutional_Alignment.csv,0.15
QSSI_2026_Institutional_Governance_Package.csv,/content/QSSI_2026_STAGE14E_OUTPUTS/QSSI_2026_Institutional_Governance_Package.csv,0.17
QSSI_2026_Institutional_Submission_Package.csv,/content/QSSI_2026_STAGE14E_OUTPUTS/QSSI_2026_Institutional_Submission_Package.csv,0.17
QSSI_2026_Integration_Matrix.csv,/content/QSSI_2026_STAGE15D_OUTPUTS/QSSI_2026_Integration_Matrix.csv,0.2
QSSI_2026_International_Dissemination.csv,/content/QSSI_2026_STAGE15A_OUTPUTS/QSSI_2026_International_Dissemination.csv,0.12
QSSI_2026_Journal_Submission_Package.json,/content/QSSI_2026_Journal_Submission_Package.json,0.25
QSSI_2026_Journal_Submission_Readiness.csv,/content/QSSI_2026_STAGE15A_OUTPUTS/QSSI_2026_Journal_Submission_Readiness.csv,0.14
QSSI_2026_Journal_Target_Matrix.csv,/content/QSSI_2026_STAGE14C_OUTPUTS/QSSI_2026_Journal_Target_Matrix.csv,0.24
QSSI_2026_KNN_Sensitivity.csv,/content/QSSI_2026_KNN_Sensitivity.csv,3.89
QSSI_2026_LOCKSS_Readiness.csv,/content/QSSI_2026_STAGE14D_OUTPUTS/QSSI_2026_LOCKSS_Readiness.csv,0.08
QSSI_2026_License_Matrix.csv,/content/QSSI_2026_IP_INFRASTRUCTURE/QSSI_2026_License_Matrix.csv,0.11
QSSI_2026_License_Registry.csv,/content/QSSI_2026_Distribution/license/QSSI_2026_License_Registry.csv,0.3
QSSI_2026_License_Registry.csv,/content/QSSI_2026_License_Registry.csv,0.3
QSSI_2026_Low_Confidence_Ranking.csv,/content/QSSI_2026_Low_Confidence_Ranking.csv,16.89
QSSI_2026_MASTER_ARCHIVE_FILELIST.csv,/content/QSSI_2026_MASTER_ARCHIVE_FILELIST.csv,9.42
QSSI_2026_MASTER_FINAL.csv,/content/QSSI_2026_MASTER_FINAL.csv,64.86
QSSI_2026_MASTER_STAGE1.csv,/content/QSSI_2026_MASTER_STAGE1.csv,40.91
QSSI_2026_MASTER_STAGE10A.csv,/content/QSSI_2026_MASTER_STAGE10A.csv,74.47
QSSI_2026_MASTER_STAGE10B.csv,/content/QSSI_2026_INSTITUTIONAL_RELEASE/data/QSSI_2026_MASTER_STAGE10B.csv,73.35
QSSI_2026_MASTER_STAGE10B.csv,/content/QSSI_2026_Distribution/data/QSSI_2026_MASTER_STAGE10B.csv,73.35
QSSI_2026_MASTER_STAGE10B.csv,/content/QSSI_2026_MASTER_STAGE10B.csv,73.35
QSSI_2026_MASTER_STAGE2.csv,/content/QSSI_2026_MASTER_STAGE2.csv,55.3
QSSI_2026_MASTER_STAGE3.csv,/content/QSSI_2026_MASTER_STAGE3.csv,58.21
QSSI_2026_MASTER_STAGE4.csv,/content/QSSI_2026_MASTER_STAGE4.csv,63.15
QSSI_2026_MASTER_STAGE7.csv,/content/QSSI_2026_MASTER_STAGE7.csv,71.97
QSSI_2026_MASTER_STAGE9.csv,/content/QSSI_2026_MASTER_STAGE9.csv,18.68
QSSI_2026_Manifest.json,/content/QSSI_2026_INSTITUTIONAL_RELEASE/reproducibility/QSSI_2026_Manifest.json,0.96
QSSI_2026_Manifest.json,/content/QSSI_2026_Manifest.json,0.96
QSSI_2026_Manifest.json,/content/QSSI_2026_Distribution/reproducibility/QSSI_2026_Manifest.json,0.96
QSSI_2026_Metadata_Audit.csv,/content/QSSI_2026_Metadata_Audit.csv,0.41
QSSI_2026_Metadata_Audit.csv,/content/QSSI_2026_Distribution/reproducibility/QSSI_2026_Metadata_Audit.csv,0.41
QSSI_2026_Metadata_Audit.csv,/content/QSSI_2026_INSTITUTIONAL_RELEASE/reproducibility/QSSI_2026_Metadata_Audit.csv,0.41
QSSI_2026_Metadata_Quality_Audit.csv,/content/QSSI_2026_Metadata_Quality_Audit.csv,0.17
QSSI_2026_Methodological_Warnings.csv,/content/QSSI_2026_Methodological_Warnings.csv,8.73
QSSI_2026_MonteCarlo_Summary.csv,/content/QSSI_2026_MonteCarlo_Summary.csv,0.13
QSSI_2026_MonteCarlo_Validation.csv,/content/QSSI_2026_MonteCarlo_Validation.csv,28.3
QSSI_2026_OAIS_Alignment.csv,/content/QSSI_2026_STAGE14D_OUTPUTS/QSSI_2026_OAIS_Alignment.csv,0.13
QSSI_2026_Orthogonality_Matrix.csv,/content/QSSI_2026_Orthogonality_Matrix.csv,0.25
QSSI_2026_Preservation_Policy_Matrix.csv,/content/QSSI_2026_STAGE14D_OUTPUTS/QSSI_2026_Preservation_Policy_Matrix.csv,0.18
QSSI_2026_Preservation_Risk_Assessment.csv,/content/QSSI_2026_STAGE14D_OUTPUTS/QSSI_2026_Preservation_Risk_Assessment.csv,0.11
QSSI_2026_Publication_Checklist.csv,/content/QSSI_2026_Publication_Checklist.csv,0.17
QSSI_2026_Publication_Metadata.json,/content/QSSI_2026_WORLD_PUBLICATION_PACKAGE/metadata/QSSI_2026_Publication_Metadata.json,0.4
QSSI_2026_Publication_Readiness_Report.csv,/content/QSSI_2026_Publication_Readiness_Report.csv,0.26
QSSI_2026_Publication_Registry.csv,/content/QSSI_2026_WORLD_PUBLICATION_PACKAGE/registry/QSSI_2026_Publication_Registry.csv,0.14
QSSI_2026_Publication_Registry.csv,/content/QSSI_2026_ENTERPRISE_INFRASTRUCTURE/QSSI_2026_Publication_Registry.csv,0.12
QSSI_2026_Publication_Scorecard.csv,/content/QSSI_2026_Publication_Scorecard.csv,0.19
QSSI_2026_RC1_Certification.csv,/content/QSSI_2026_STAGE14F_OUTPUTS/QSSI_2026_RC1_Certification.csv,0.14
QSSI_2026_RC1_Metadata.csv,/content/QSSI_2026_STAGE14F_OUTPUTS/QSSI_2026_RC1_Metadata.csv,0.1
QSSI_2026_RC1_Package.csv,/content/QSSI_2026_STAGE14F_OUTPUTS/QSSI_2026_RC1_Package.csv,0.18
QSSI_2026_RC1_Release_Audit.csv,/content/QSSI_2026_STAGE14F_OUTPUTS/QSSI_2026_RC1_Release_Audit.csv,0.13
QSSI_2026_RES_Correlation_Matrix.csv,/content/QSSI_2026_RES_Correlation_Matrix.csv,0.49
QSSI_2026_RES_Impact_Ranking.csv,/content/QSSI_2026_RES_Impact_Ranking.csv,16.05
QSSI_2026_Reference_Metadata.csv,/content/QSSI_2026_STAGE15C_OUTPUTS/QSSI_2026_Reference_Metadata.csv,0.14
QSSI_2026_Release_Authority_Validation.csv,/content/QSSI_2026_STAGE15E_OUTPUTS/QSSI_2026_Release_Authority_Validation.csv,0.15
QSSI_2026_Release_Channel_Registry.csv,/content/QSSI_2026_COMMERCIAL_DEPLOYMENT/QSSI_2026_Release_Channel_Registry.csv,0.09
QSSI_2026_Release_Readiness.csv,/content/QSSI_2026_STAGE14F_OUTPUTS/QSSI_2026_Release_Readiness.csv,0.08
QSSI_2026_Release_Registry.csv,/content/QSSI_2026_INSTITUTIONAL_RELEASE/manifest/QSSI_2026_Release_Registry.csv,1.37
QSSI_2026_Reliability_Adjusted_Ranking.csv,/content/QSSI_2026_Reliability_Adjusted_Ranking.csv,70.84
QSSI_2026_Reliability_Warnings.csv,/content/QSSI_2026_Reliability_Warnings.csv,2.66
QSSI_2026_Repository_Readiness.csv,/content/QSSI_2026_Repository_Readiness.csv,0.12
QSSI_2026_Repository_Registry.csv,/content/QSSI_2026_ENTERPRISE_INFRASTRUCTURE/QSSI_2026_Repository_Registry.csv,0.19
QSSI_2026_Reproducibility_Audit.csv,/content/QSSI_2026_Reproducibility_Audit.csv,0.18
QSSI_2026_Reproducibility_Audit.csv,/content/QSSI_2026_Distribution/reproducibility/QSSI_2026_Reproducibility_Audit.csv,0.18
QSSI_2026_Reproducibility_Audit.csv,/content/QSSI_2026_INSTITUTIONAL_RELEASE/reproducibility/QSSI_2026_Reproducibility_Audit.csv,0.18
QSSI_2026_Reproducibility_Certification.csv,/content/QSSI_2026_STAGE15A_OUTPUTS/QSSI_2026_Reproducibility_Certification.csv,0.15
QSSI_2026_Reproducibility_Registry.csv,/content/QSSI_2026_ENTERPRISE_INFRASTRUCTURE/QSSI_2026_Reproducibility_Registry.csv,0.13
QSSI_2026_Research_Certification.csv,/content/QSSI_2026_STAGE15A_OUTPUTS/QSSI_2026_Research_Certification.csv,0.16
QSSI_2026_Research_Edition_Package.csv,/content/QSSI_2026_STAGE15A_OUTPUTS/QSSI_2026_Research_Edition_Package.csv,0.19
QSSI_2026_Research_Impact_Report.csv,/content/QSSI_2026_STAGE14C_OUTPUTS/QSSI_2026_Research_Impact_Report.csv,0.22
QSSI_2026_Research_Metadata.csv,/content/QSSI_2026_STAGE15A_OUTPUTS/QSSI_2026_Research_Metadata.csv,0.15
QSSI_2026_Review_Board_Package.csv,/content/QSSI_2026_STAGE14E_OUTPUTS/QSSI_2026_Review_Board_Package.csv,0.14
QSSI_2026_Rights_Metadata.json,/content/QSSI_2026_IP_INFRASTRUCTURE/QSSI_2026_Rights_Metadata.json,0.27
QSSI_2026_Robustness_Validation.csv,/content/QSSI_2026_INSTITUTIONAL_RELEASE/data/QSSI_2026_Robustness_Validation.csv,0.21
QSSI_2026_Robustness_Validation.csv,/content/QSSI_2026_Robustness_Validation.csv,0.21
QSSI_2026_Robustness_Validation.csv,/content/QSSI_2026_Distribution/validation/QSSI_2026_Robustness_Validation.csv,0.21
QSSI_2026_STAGE10B_FINAL_REPORT.csv,/content/QSSI_2026_Distribution/validation/QSSI_2026_STAGE10B_FINAL_REPORT.csv,0.25
QSSI_2026_STAGE10B_FINAL_REPORT.csv,/content/QSSI_2026_STAGE10B_FINAL_REPORT.csv,0.25
QSSI_2026_STAGE10B_FINAL_REPORT.csv,/content/QSSI_2026_INSTITUTIONAL_RELEASE/publication/QSSI_2026_STAGE10B_FINAL_REPORT.csv,0.25
QSSI_2026_STAGE11A_FINAL_REPORT.csv,/content/QSSI_2026_STAGE11A_FINAL_REPORT.csv,0.24
QSSI_2026_STAGE11A_FINAL_REPORT.csv,/content/QSSI_2026_Distribution/reproducibility/QSSI_2026_STAGE11A_FINAL_REPORT.csv,0.24
QSSI_2026_STAGE11A_FINAL_REPORT.csv,/content/QSSI_2026_INSTITUTIONAL_RELEASE/publication/QSSI_2026_STAGE11A_FINAL_REPORT.csv,0.24
QSSI_2026_STAGE11B_FINAL_REPORT.csv,/content/QSSI_2026_STAGE11B_FINAL_REPORT.csv,0.16
QSSI_2026_STAGE11B_FINAL_REPORT.csv,/content/QSSI_2026_INSTITUTIONAL_RELEASE/publication/QSSI_2026_STAGE11B_FINAL_REPORT.csv,0.16
QSSI_2026_STAGE11B_FINAL_REPORT.csv,/content/QSSI_2026_Distribution/benchmark/QSSI_2026_STAGE11B_FINAL_REPORT.csv,0.16
QSSI_2026_STAGE11C_FINAL_REPORT.csv,/content/QSSI_2026_Distribution/citation/QSSI_2026_STAGE11C_FINAL_REPORT.csv,0.13
QSSI_2026_STAGE11C_FINAL_REPORT.csv,/content/QSSI_2026_STAGE11C_FINAL_REPORT.csv,0.13
QSSI_2026_STAGE11C_FINAL_REPORT.csv,/content/QSSI_2026_INSTITUTIONAL_RELEASE/publication/QSSI_2026_STAGE11C_FINAL_REPORT.csv,0.13
QSSI_2026_STAGE11D_FINAL_REPORT.csv,/content/QSSI_2026_INSTITUTIONAL_RELEASE/publication/QSSI_2026_STAGE11D_FINAL_REPORT.csv,0.12
QSSI_2026_STAGE11D_FINAL_REPORT.csv,/content/QSSI_2026_Distribution/license/QSSI_2026_STAGE11D_FINAL_REPORT.csv,0.12
QSSI_2026_STAGE11D_FINAL_REPORT.csv,/content/QSSI_2026_STAGE11D_FINAL_REPORT.csv,0.12
QSSI_2026_STAGE11E_FINAL_REPORT.csv,/content/QSSI_2026_STAGE11E_FINAL_REPORT.csv,0.18
QSSI_2026_STAGE11E_FINAL_REPORT.csv,/content/QSSI_2026_INSTITUTIONAL_RELEASE/publication/QSSI_2026_STAGE11E_FINAL_REPORT.csv,0.18
QSSI_2026_STAGE11F_FINAL_REPORT.csv,/content/QSSI_2026_STAGE11F_FINAL_REPORT.csv,0.14
QSSI_2026_STAGE12A_FINAL_REPORT.csv,/content/QSSI_2026_STAGE12A_FINAL_REPORT.csv,0.11
QSSI_2026_STAGE12B_FINAL_REPORT.csv,/content/QSSI_2026_STAGE12B_FINAL_REPORT.csv,0.18
QSSI_2026_STAGE13A_FINAL_REPORT.csv,/content/QSSI_2026_STAGE13A_FINAL_REPORT.csv,0.16
QSSI_2026_STAGE13B_FINAL_REPORT.csv,/content/QSSI_2026_STAGE13B_FINAL_REPORT.csv,0.17
QSSI_2026_STAGE14A_FINAL_REPORT.csv,/content/QSSI_2026_STAGE14A_FINAL_REPORT.csv,0.13
QSSI_2026_STAGE14B_FINAL_REPORT.csv,/content/QSSI_2026_STAGE14B_FINAL_REPORT.csv,0.13
QSSI_2026_STAGE14C_FINAL_REPORT.csv,/content/QSSI_2026_STAGE14C_OUTPUTS/QSSI_2026_STAGE14C_FINAL_REPORT.csv,0.21
QSSI_2026_STAGE14C_METADATA.json,/content/QSSI_2026_STAGE14C_OUTPUTS/QSSI_2026_STAGE14C_METADATA.json,0.62
QSSI_2026_STAGE14D_FINAL_REPORT.csv,/content/QSSI_2026_STAGE14D_OUTPUTS/QSSI_2026_STAGE14D_FINAL_REPORT.csv,0.24
QSSI_2026_STAGE14D_METADATA.json,/content/QSSI_2026_STAGE14D_OUTPUTS/QSSI_2026_STAGE14D_METADATA.json,0.38
QSSI_2026_STAGE14E_Checksum_Report.csv,/content/QSSI_2026_STAGE14E_OUTPUTS/QSSI_2026_STAGE14E_Checksum_Report.csv,0.62
QSSI_2026_STAGE14E_FINAL_REPORT.csv,/content/QSSI_2026_STAGE14E_OUTPUTS/QSSI_2026_STAGE14E_FINAL_REPORT.csv,0.22
QSSI_2026_STAGE14E_METADATA.json,/content/QSSI_2026_STAGE14E_OUTPUTS/QSSI_2026_STAGE14E_METADATA.json,0.38
QSSI_2026_STAGE14F_Checksum_Report.csv,/content/QSSI_2026_STAGE14F_OUTPUTS/QSSI_2026_STAGE14F_Checksum_Report.csv,0.58
QSSI_2026_STAGE14F_FINAL_REPORT.csv,/content/QSSI_2026_STAGE14F_OUTPUTS/QSSI_2026_STAGE14F_FINAL_REPORT.csv,0.18
QSSI_2026_STAGE14F_METADATA.json,/content/QSSI_2026_STAGE14F_OUTPUTS/QSSI_2026_STAGE14F_METADATA.json,0.36
QSSI_2026_STAGE15A_Checksum_Report.csv,/content/QSSI_2026_STAGE15A_OUTPUTS/QSSI_2026_STAGE15A_Checksum_Report.csv,0.62
QSSI_2026_STAGE15A_FINAL_REPORT.csv,/content/QSSI_2026_STAGE15A_OUTPUTS/QSSI_2026_STAGE15A_FINAL_REPORT.csv,0.22
QSSI_2026_STAGE15A_METADATA.json,/content/QSSI_2026_STAGE15A_OUTPUTS/QSSI_2026_STAGE15A_METADATA.json,0.43
QSSI_2026_STAGE15B_Checksum_Report.csv,/content/QSSI_2026_STAGE15B_OUTPUTS/QSSI_2026_STAGE15B_Checksum_Report.csv,0.72
QSSI_2026_STAGE15B_FINAL_REPORT.csv,/content/QSSI_2026_STAGE15B_OUTPUTS/QSSI_2026_STAGE15B_FINAL_REPORT.csv,0.23
QSSI_2026_STAGE15B_METADATA.json,/content/QSSI_2026_STAGE15B_OUTPUTS/QSSI_2026_STAGE15B_METADATA.json,0.45
QSSI_2026_STAGE15C_Checksum_Report.csv,/content/QSSI_2026_STAGE15C_OUTPUTS/QSSI_2026_STAGE15C_Checksum_Report.csv,0.7
QSSI_2026_STAGE15C_FINAL_REPORT.csv,/content/QSSI_2026_STAGE15C_OUTPUTS/QSSI_2026_STAGE15C_FINAL_REPORT.csv,0.2
QSSI_2026_STAGE15C_METADATA.json,/content/QSSI_2026_STAGE15C_OUTPUTS/QSSI_2026_STAGE15C_METADATA.json,0.4
QSSI_2026_STAGE15D_Checksum_Report.csv,/content/QSSI_2026_STAGE15D_OUTPUTS/QSSI_2026_STAGE15D_Checksum_Report.csv,0.61
QSSI_2026_STAGE15D_FINAL_REPORT.csv,/content/QSSI_2026_STAGE15D_OUTPUTS/QSSI_2026_STAGE15D_FINAL_REPORT.csv,0.19
QSSI_2026_STAGE15D_METADATA.json,/content/QSSI_2026_STAGE15D_OUTPUTS/QSSI_2026_STAGE15D_METADATA.json,0.4
QSSI_2026_STAGE15E_Checksum_Report.csv,/content/QSSI_2026_STAGE15E_OUTPUTS/QSSI_2026_STAGE15E_Checksum_Report.csv,0.63
QSSI_2026_STAGE15E_FINAL_REPORT.csv,/content/QSSI_2026_STAGE15E_OUTPUTS/QSSI_2026_STAGE15E_FINAL_REPORT.csv,0.22
QSSI_2026_STAGE15E_METADATA.json,/content/QSSI_2026_STAGE15E_OUTPUTS/QSSI_2026_STAGE15E_METADATA.json,0.16
QSSI_2026_Shapley_LODO.csv,/content/QSSI_2026_INSTITUTIONAL_RELEASE/data/QSSI_2026_Shapley_LODO.csv,0.17
QSSI_2026_Shapley_LODO.csv,/content/QSSI_2026_Shapley_LODO.csv,0.17
QSSI_2026_Shapley_LODO.csv,/content/QSSI_2026_Distribution/validation/QSSI_2026_Shapley_LODO.csv,0.17
QSSI_2026_Spearman_Matrix.csv,/content/QSSI_2026_Spearman_Matrix.csv,0.16
QSSI_2026_Tier_Analysis.csv,/content/QSSI_2026_Tier_Analysis.csv,0.25
QSSI_2026_Tier_Stability.csv,/content/QSSI_2026_Tier_Stability.csv,0.09
QSSI_2026_Tier_Stability.csv,/content/QSSI_2026_INSTITUTIONAL_RELEASE/data/QSSI_2026_Tier_Stability.csv,0.09
QSSI_2026_Tier_Stability.csv,/content/QSSI_2026_Distribution/validation/QSSI_2026_Tier_Stability.csv,0.09
QSSI_2026_Tier_Transition_Matrix.csv,/content/QSSI_2026_Tier_Transition_Matrix.csv,0.14
QSSI_2026_Trademark_Registry.csv,/content/QSSI_2026_IP_INFRASTRUCTURE/QSSI_2026_Trademark_Registry.csv,0.06
QSSI_2026_VeryStable_Countries.csv,/content/QSSI_2026_VeryStable_Countries.csv,21.82
QSSI_2026_Volatile_Countries.csv,/content/QSSI_2026_Volatile_Countries.csv,0.16
QSSI_2026_Weight_Sensitivity.csv,/content/QSSI_2026_Distribution/validation/QSSI_2026_Weight_Sensitivity.csv,0.4
QSSI_2026_Weight_Sensitivity.csv,/content/QSSI_2026_Weight_Sensitivity.csv,0.4
QSSI_2026_Weight_Sensitivity.csv,/content/QSSI_2026_INSTITUTIONAL_RELEASE/data/QSSI_2026_Weight_Sensitivity.csv,0.4
QSSI_2026_Weight_Sensitivity_Summary.csv,/content/QSSI_2026_Weight_Sensitivity_Summary.csv,0.14
QSSI_2026_Weight_Sensitivity_Summary.csv,/content/QSSI_2026_INSTITUTIONAL_RELEASE/data/QSSI_2026_Weight_Sensitivity_Summary.csv,0.14
QSSI_2026_Weight_Sensitivity_Summary.csv,/content/QSSI_2026_Distribution/validation/QSSI_2026_Weight_Sensitivity_Summary.csv,0.14
QSSI_2026_Weights.csv,/content/QSSI_2026_Weights.csv,0.37
QSSI_2026_World_Release_Approval.csv,/content/QSSI_2026_STAGE15E_OUTPUTS/QSSI_2026_World_Release_Approval.csv,0.17
QSSI_2026_World_Release_Readiness.csv,/content/QSSI_2026_STAGE15C_OUTPUTS/QSSI_2026_World_Release_Readiness.csv,0.06
QSSI_2026_World_Release_Readiness.csv,/content/QSSI_2026_STAGE15E_OUTPUTS/QSSI_2026_World_Release_Readiness.csv,0.16
QSSI_2026_Zenodo_Metadata.json,/content/QSSI_2026_INSTITUTIONAL_RELEASE/manifest/QSSI_2026_Zenodo_Metadata.json,0.58
QSSI_2026_Zenodo_Metadata.json,/content/QSSI_2026_Zenodo_Metadata.json,0.58
QSSI_2026_Zenodo_Metadata.json,/content/QSSI_2026_Distribution/citation/QSSI_2026_Zenodo_Metadata.json,0.58
README.md,/content/QSSI_2026_WORLD_PUBLICATION_PACKAGE/README.md,0.21
README.txt,/content/QSSI_2026_Distribution/README.txt,0.23
README.txt,/content/QSSI_2026_INSTITUTIONAL_RELEASE/README.txt,0.26
RELEASE_NOTES.txt,/content/QSSI_2026_INSTITUTIONAL_RELEASE/release_notes/RELEASE_NOTES.txt,0.26
RES_INDEX_2026 (3).csv,/content/RES_INDEX_2026 (3).csv,16.08
SCI_2026_v1 (3).csv,/content/SCI_2026_v1 (3).csv,29.78
SCI_PLUS_2026_v1 (3).csv,/content/SCI_PLUS_2026_v1 (3).csv,22.0
SCI_ULTRA_2026_v1 (3).csv,/content/SCI_ULTRA_2026_v1 (3).csv,20.39
TRADEMARK_NOTICE.txt,/content/TRADEMARK_NOTICE.txt,0.26
TRADEMARK_NOTICE.txt,/content/QSSI_2026_Distribution/license/TRADEMARK_NOTICE.txt,0.26
TRADEMARK_NOTICE.txt,/content/QSSI_2026_INSTITUTIONAL_RELEASE/license/TRADEMARK_NOTICE.txt,0.26
active_config,/content/.config/active_config,0.01
config_default,/content/.config/configurations/config_default,0.09
config_sentinel,/content/.config/config_sentinel,0.0
default_configs.db,/content/.config/default_configs.db,12.0
gce,/content/.config/gce,0.0
hidden_gcloud_config_universe_descriptor_data_cache_configs.db,/content/.config/hidden_gcloud_config_universe_descriptor_data_cache_configs.db,12.0
