country,AI_INDEX,LEGAL_WGI_SCORE,PQC,RES_INDEX,AI_OBSERVED,LEGAL_OBSERVED,PQC_OBSERVED,RES_OBSERVED,AI_IMPUTED,LEGAL_IMPUTED,PQC_IMPUTED,RES_IMPUTED,OBSERVED_COUNT,CONFIDENCE_SCORE,CONFIDENCE_TIER,AI_NORM,LEGAL_NORM,PQC_NORM,RES_NORM
Afghanistan,0.0610516005380055,0.102615014056443,0.615016992353441,0.354179974671984,True,True,False,False,False,False,True,True,2,0.5,C,0.05847011123244402,0.03192167608354727,0.622668266608487,0.3559270285438891
Albania,0.4463222202606491,0.4876508458624123,0.955819881053526,0.2701885519067149,True,True,True,True,False,False,False,False,4,1.0,A,0.46772665044885164,0.46746040100221,0.9727282644267481,0.2093728366484972
Algeria,0.4499496834942319,0.3585966585677635,0.3451571792693288,0.2755542924048365,True,True,True,True,False,False,False,False,4,1.0,A,0.47157994985221546,0.32147893243060316,0.3454783462419549,0.21873536125794757
Andorra,0.4134003350806227,0.7753004172964071,0.615016992353441,0.354179974671984,True,True,False,False,False,False,True,True,2,0.5,C,0.4327551366517261,0.7928392806200825,0.622668266608487,0.3559270285438891
Angola,0.2274411567617198,0.2977401710398435,0.2920560747663551,0.3009719446820423,True,True,True,True,False,False,False,False,4,1.0,A,0.2352186366997987,0.2526402561530779,0.290934875095451,0.2630858838080228
Antigua and Barbuda,0.2048522291268782,0.6072894192836624,0.1503823279524214,0.4546139035781736,True,True,True,True,False,False,False,False,4,1.0,A,0.21122338277906014,0.6027912648196778,0.14541289407657904,0.5311712714097483
Argentina,0.7006343917522271,0.4557897315810742,0.5751911639762107,0.3486768488372286,True,True,True,True,False,False,False,False,4,1.0,A,0.737871618316319,0.43142025111929033,0.5817606632486091,0.3463247842544314
Armenia,0.3862511205546053,0.4808759404353455,0.362786745964316,0.354179974671984,True,True,True,False,False,False,False,True,3,0.75,B,0.40391568456124355,0.4597968709423994,0.36358677866259403,0.3559270285438891
Australia,0.906168036193777,0.8913983025818323,0.884983007646559,0.5490572416395311,True,True,True,True,False,False,False,False,4,1.0,A,0.9562012383564857,0.9241650449932239,0.899967273917312,0.6959627064610057
Austria,0.8154764620245336,0.8328247550093182,0.8584324553950722,0.4541127096524097,True,True,True,True,False,False,False,False,4,1.0,A,0.8598634490713527,0.8579087485232602,0.8726955383440601,0.5302967526987307
Azerbaijan,0.5773847984929369,0.4373378402041625,0.7610450297366185,0.354179974671984,True,True,True,False,False,False,False,True,3,0.75,B,0.6069488346546963,0.41054813330899875,0.7726628122613722,0.3559270285438891
Bahamas,0.2715555655237825,0.4672230367361789,0.615016992353441,0.354179974671984,True,False,False,False,False,True,True,True,1,0.25,D,0.2820794906951979,0.44435319589355654,0.622668266608487,0.3559270285438891
Bahrain,0.6466986177833073,0.6083831998322443,0.6017417162276976,0.354179974671984,True,True,True,False,False,False,False,True,3,0.75,B,0.6805779471550732,0.6040285101514584,0.609032398821861,0.3559270285438891
Bangladesh,0.5512465092727128,0.2813061278746889,0.6637638062871708,0.4272125185465458,True,True,True,True,False,False,False,False,4,1.0,A,0.5791832453787545,0.23405065587655957,0.6727391731209774,0.4833593912449411
Barbados,0.1717337295172703,0.6669772305511315,0.615016992353441,0.2728533184678624,True,True,False,True,False,False,True,False,3,0.75,B,0.17604301386324306,0.67030797642204,0.622668266608487,0.214022510354469
Belarus,0.2819800950948946,0.273840813735871,0.615016992353441,0.354179974671984,True,True,False,False,False,False,True,True,2,0.5,C,0.29315302362720225,0.2256061602412118,0.622668266608487,0.3559270285438891
Belgium,0.7715866701521545,0.7950749198037986,0.955819881053526,0.4741843546733551,True,True,True,True,False,False,False,False,4,1.0,A,0.8132411960131016,0.8152074887101552,0.9727282644267481,0.5653191825994204
Belize,0.1586499781736748,0.4261964513288163,0.615016992353441,0.3316058894347962,True,True,False,True,False,False,True,False,3,0.75,B,0.16214470311558543,0.39794539376179583,0.622668266608487,0.31653816345751545
Benin,0.4745324592805576,0.4278812747746087,0.5841121495327103,0.4796786347655915,True,True,True,True,False,False,False,False,4,1.0,A,0.49769318358357867,0.3998512056231274,0.5909239664012217,0.5749059922099085
Bhutan,0.3877174839763055,0.6515967997708036,0.5044604927782498,0.4978538531478085,True,True,True,True,False,False,False,False,4,1.0,A,0.4054733398520378,0.6529101846909592,0.5091087596814661,0.6066194023990916
Bolivia (Plurinational State of),0.225132330701489,0.4672230367361789,0.615016992353441,0.354179974671984,True,False,False,False,False,True,True,True,1,0.25,D,0.2327660692973247,0.44435319589355654,0.622668266608487,0.3559270285438891
Bosnia and Herzegovina,0.3354885827102261,0.3881540341765276,0.3717077315208156,0.2549432841158808,True,True,True,True,False,False,False,False,4,1.0,A,0.34999280672802485,0.35491317574297715,0.3727500818152067,0.1827718120705635
Botswana,0.3540654446025904,0.5953814693423877,0.477909940526763,0.3168220363280914,True,True,True,True,False,False,False,False,4,1.0,A,0.36972621441180664,0.5893214188848412,0.4818370241082143,0.2907422479482807
Brazil,0.8309191386164575,0.4130226744470213,0.7168649107901445,0.2238163084764187,True,True,True,True,False,False,False,False,4,1.0,A,0.8762675454511877,0.38304368978648545,0.7272826442674811,0.12845925715959652
Brunei Darussalam,0.4113295962878027,0.6961439584307305,0.615016992353441,0.4922194845494351,True,True,False,True,False,False,True,False,3,0.75,B,0.4305554791938572,0.7033003330324546,0.622668266608487,0.5967881564267131
Bulgaria,0.6442237510695432,0.4970729169664213,0.8141461342395921,0.2941393556945477,True,True,True,True,False,False,False,False,4,1.0,A,0.6779490018515717,0.47811830994404847,0.8272062834078759,0.2511638979117476
Burkina Faso,0.2873107980107238,0.3457137059670255,0.2477697536108751,0.3964978220282902,True,True,True,True,False,False,False,False,4,1.0,A,0.29881560186504874,0.3069061984525858,0.24544562015926694,0.42976621018733313
Burundi,0.0909125580383334,0.2267693547307254,0.0088147833474936,0.2993663040932398,True,True,True,True,False,False,False,False,4,1.0,A,0.09019013217011682,0.1723606138747804,0.0,0.2602842482216841
Cabo Verde,0.3131951075720809,0.5983001913788477,0.615016992353441,0.2561043729188966,True,True,False,True,False,False,True,False,3,0.75,B,0.32631139938709525,0.5926229725822966,0.622668266608487,0.18479776216930538
Cambodia,0.3249565887217305,0.3055012264081449,0.2124044180118946,0.3840682768923968,True,True,True,True,False,False,False,False,4,1.0,A,0.338805118931113,0.26141928366144895,0.2091196683756954,0.40807825821503485
Cameroon,0.3436592294366638,0.2599941544673645,0.615016992353441,0.2200696394748562,True,True,False,True,False,False,True,False,3,0.75,B,0.3586721360909258,0.20994331584072606,0.622668266608487,0.12192180333698359
Canada,0.8640010094156945,0.8537832796331456,0.9823704333050128,0.4474138939284242,True,True,True,True,False,False,False,False,4,1.0,A,0.9114090051447578,0.8816162799704584,1.0,0.5186081838810729
Central African Republic,0.0205523956386631,0.1518859585218665,0.615016992353441,0.354179974671984,True,True,False,False,False,False,True,True,2,0.5,C,0.015449534033868428,0.08765520152546721,0.622668266608487,0.3559270285438891
Chad,0.1065065938991995,0.2007546910387879,0.2212192013593882,0.4842051068569534,True,True,True,True,False,False,False,False,4,1.0,A,0.10675501104260648,0.14293375923522572,0.21817388458601497,0.5828041017745066
Chile,0.6894589715685118,0.698529211303743,0.8584324553950722,0.3056448142298205,True,True,True,True,False,False,False,False,4,1.0,A,0.7260004463282524,0.7059984455433026,0.8726955383440601,0.2712394380384483
China,0.8760530990345821,0.5099983935756449,0.6903143585386576,0.354179974671984,True,True,True,False,False,False,False,True,3,0.75,B,0.9242114256649178,0.4927391455554836,0.7000109086942292,0.3559270285438891
Colombia,0.6453604551979052,0.4377352101445263,0.615016992353441,0.2117285367743431,True,True,False,True,False,False,True,False,3,0.75,B,0.6791564741421433,0.41099762393519657,0.622668266608487,0.10736765571638102
Comoros,0.131274935751109,0.2179697149691569,0.615016992353441,0.354179974671984,True,True,False,False,False,False,True,True,2,0.5,C,0.1330653636870379,0.16240677694609565,0.622668266608487,0.3559270285438891
Congo,0.1002223309068626,0.4672230367361789,0.2300339847068818,0.354179974671984,True,False,True,False,False,True,False,True,2,0.5,C,0.10007950662542293,0.44435319589355654,0.22722810079633457,0.3559270285438891
Costa Rica,0.5350895708785564,0.6196565913730386,0.4689889549702634,0.2405479830122125,True,True,True,True,False,False,False,False,4,1.0,A,0.562020419165104,0.6167805663799829,0.4726737209556016,0.15765386965595637
Croatia,0.535914930118766,0.5810184233716522,0.8318819031435853,0.354179974671984,True,True,True,False,False,False,False,True,3,0.75,B,0.5628971630665769,0.5730744563652733,0.8454238027708082,0.3559270285438891
Cuba,0.277986343757603,0.3419236346590867,0.615016992353441,0.354179974671984,True,True,False,False,False,False,True,True,2,0.5,C,0.2889106320013692,0.3026190057072563,0.622668266608487,0.3559270285438891
Cyprus,0.6912733086887354,0.6576950523475349,0.8672472387425658,0.4598269958805703,True,True,True,True,False,False,False,False,4,1.0,A,0.7279277392303926,0.6598083093123578,0.8817497545543798,0.540267444620065
Czechia,0.7541098835777815,0.7569119935642942,0.615016992353441,0.354179974671984,True,True,False,False,False,False,True,True,2,0.5,C,0.7946763513976447,0.7720389551335328,0.622668266608487,0.3559270285438891
Côte D'Ivoire,0.4542193619161699,0.4672230367361789,0.615016992353441,0.354179974671984,True,False,False,False,False,True,True,True,1,0.25,D,0.4761154470458174,0.44435319589355654,0.622668266608487,0.3559270285438891
Democratic People's Republic of Korea,0.0935156255883958,0.4672230367361789,0.615016992353441,0.354179974671984,True,False,False,False,False,True,True,True,1,0.25,D,0.09295525975148286,0.44435319589355654,0.622668266608487,0.3559270285438891
Democratic Republic of the Congo,0.2195818549234346,0.4672230367361789,0.615016992353441,0.354179974671984,True,False,False,False,False,True,True,True,1,0.25,D,0.22687003572599673,0.44435319589355654,0.622668266608487,0.3559270285438891
Denmark,0.9129101593157498,0.9584398153347,0.9027187765505524,0.7176088170442433,True,True,True,True,False,False,False,False,4,1.0,A,0.9633631080517558,1.0,0.9181847932802445,0.9900634504758721
Djibouti,0.1665288054240101,0.3033750947895522,0.615016992353441,0.2732792601389062,True,True,False,True,False,False,True,False,3,0.75,B,0.17051404510142762,0.25901427982108494,0.622668266608487,0.2147657235938595
Dominica,0.103263733174511,0.5592302091456025,0.615016992353441,0.3122368462693197,True,True,False,True,False,False,True,False,3,0.75,B,0.10331025847283551,0.5484284097940793,0.622668266608487,0.28274168310932024
Dominican Republic,0.49687845562053,0.4837470816098899,0.7787807986406118,0.2916710080424913,True,True,True,True,False,False,False,False,4,1.0,A,0.5214303819560455,0.46304460287518406,0.7908803316243046,0.2468569498502177
Ecuador,0.6220218479573252,0.3404036848024685,0.3893372982158029,0.1945621115089828,True,True,True,True,False,False,False,False,4,1.0,A,0.6543648675662593,0.30089969293735963,0.39085851423584594,0.07741445931049967
Egypt,0.7068441861169577,0.4672230367361789,0.6460280373831776,0.354179974671984,True,False,True,False,False,True,False,True,2,0.5,C,0.744468017888092,0.44435319589355654,0.6545216537580452,0.3559270285438891
El Salvador,0.3990931516101961,0.3969775670809071,0.615016992353441,0.3408857799468186,True,True,False,True,False,False,True,False,3,0.75,B,0.41755722616154595,0.36489403973796214,0.622668266608487,0.33273037463922117
Equatorial Guinea,0.0560676603138352,0.1671001434614802,0.615016992353441,0.354179974671984,True,True,False,False,False,False,True,True,2,0.5,C,0.05317588420502685,0.1048649419233824,0.622668266608487,0.3559270285438891
Eritrea,0.0060083359076905,0.088856877889039,0.615016992353441,0.354179974671984,True,True,False,False,False,False,True,True,2,0.5,C,0.0,0.01635896584044419,0.622668266608487,0.3559270285438891
Estonia,0.8512163435893891,0.8336284625831961,0.9823704333050128,0.354179974671984,True,True,True,False,False,False,False,True,3,0.75,B,0.897828400179659,0.8588178737085511,1.0,0.3559270285438891
Eswatini,0.2420047419047426,0.3150557358363591,0.2300339847068818,0.354179974671984,True,True,True,False,False,False,False,True,3,0.75,B,0.25068891174570745,0.2722270020861715,0.22722810079633457,0.3559270285438891
Ethiopia,0.4576270522875272,0.3197001893962491,0.5929269328802039,0.354179974671984,True,True,True,False,False,False,False,True,3,0.75,B,0.47973529111569935,0.27748064139535095,0.5999781826115413,0.3559270285438891
Fiji,0.3599455796739829,0.581653791059161,0.3274214103653356,0.354179974671984,True,True,True,False,False,False,False,True,3,0.75,B,0.3759724309833572,0.5737931615080496,0.32726082687902264,0.3559270285438891
Finland,0.8135522384731969,0.9584398153347,0.9734494477485132,0.43820065135753,True,True,True,True,False,False,False,False,4,1.0,A,0.8578194285024713,1.0,0.9908366968473873,0.502532264754341
France,0.947399817300537,0.7571854095710073,0.9027187765505524,0.441822938333823,True,True,True,True,False,False,False,False,4,1.0,A,1.0,0.7723482335151776,0.9181847932802445,0.5088526879969311
Gabon,0.2365812559561215,0.2957377032633009,0.615016992353441,0.356241865601403,True,True,False,True,False,False,True,False,3,0.75,B,0.24492777405132685,0.25037513641605147,0.622668266608487,0.35952476208606204
Gambia (Republic of The),0.187906560302883,0.4672230367361789,0.615016992353441,0.354179974671984,True,False,False,False,False,True,True,True,1,0.25,D,0.19322272188618372,0.44435319589355654,0.622668266608487,0.3559270285438891
Georgia,0.4260787474964091,0.5884643755050036,0.637213254035684,0.4096519846418876,True,True,True,True,False,False,False,False,4,1.0,A,0.44622287315283393,0.5814970503943908,0.6454674375477255,0.4527185261313548
Germany,0.89455549229934,0.8678682433117846,0.9203483432455396,0.5402794163871945,True,True,True,True,False,False,False,False,4,1.0,A,0.943865728503289,0.8975486857736967,0.9362932257008836,0.6806465343555476
Ghana,0.5177079893507044,0.4831825899719507,0.6282922684791844,0.3350681388628944,True,True,True,True,False,False,False,False,4,1.0,A,0.5435567068080145,0.4624060701779488,0.6363041343951129,0.32257934183466075
Greece,0.713970911747825,0.5675206587019025,0.8584324553950722,0.4584474136236569,True,True,True,True,False,False,False,False,4,1.0,A,0.7520384344169552,0.5578062690229652,0.8726955383440601,0.5378602516453704
Grenada,0.0975655311481084,0.5567795170459108,0.615016992353441,0.3638131436347989,True,True,False,True,False,False,True,False,3,0.75,B,0.09725730161160308,0.5456562747767704,0.622668266608487,0.37273566502433797
Guatemala,0.2618465087617673,0.3121409483360726,0.159303313508921,0.2923819781985882,True,True,True,True,False,False,False,False,4,1.0,A,0.27176597399792535,0.26892989899493663,0.15457619722919166,0.24809750100720565
Guinea,0.0882557582795792,0.2544265790206249,0.2300339847068818,0.329246242516694,True,True,True,True,False,False,False,False,4,1.0,A,0.08736792715629696,0.20364547415781636,0.22722810079633457,0.31242088414665803
Guinea Bissau,0.0060083359076905,0.4672230367361789,0.615016992353441,0.354179974671984,True,False,False,False,False,True,True,True,1,0.25,D,0.0,0.44435319589355654,0.622668266608487,0.3559270285438891
Guyana,0.2080413576428749,0.4210951410137612,0.615016992353441,0.4729469762846325,True,True,False,True,False,False,True,False,3,0.75,B,0.21461105791637727,0.39217497447481076,0.622668266608487,0.5631601170203687
Haiti,0.0622981910974804,0.1088655739108627,0.0088147833474936,0.2515412115441287,True,True,True,True,False,False,False,False,4,1.0,A,0.05979431118975668,0.03899208523547684,0.0,0.17683563454067436
Honduras,0.1530787659767057,0.2795780487166018,0.203483432455395,0.3009161386125323,True,True,True,True,False,False,False,False,4,1.0,A,0.1562266421313006,0.23209591470470145,0.19995636522308272,0.2629885094196551
Hungary,0.7380445172095522,0.555070976174037,0.9468988954970264,0.3087459909887522,True,True,True,True,False,False,False,False,4,1.0,A,0.7776107982396114,0.5437236346136015,0.9635649612741355,0.27665059121179286
Iceland,0.7126327491624229,0.8667066751187339,0.7875955819881053,0.4998310502301324,True,True,True,True,False,False,False,False,4,1.0,A,0.7506169614040252,0.8962347614894698,0.799934547834624,0.610069356109576
India,0.7804532642756392,0.4908191446875781,0.7610450297366185,0.5379361059928162,True,True,True,True,False,False,False,False,4,1.0,A,0.8226598005986945,0.4710442670128139,0.7726628122613722,0.6765577601700221
Indonesia,0.6857033074986308,0.4672230367361789,0.4601741716227697,0.3733595901203665,True,True,True,True,False,False,False,False,4,1.0,A,0.7220109646470243,0.44435319589355654,0.4636195047452819,0.38939298197531946
Iran (Islamic Republic of),0.5408427161205154,0.4672230367361789,0.615016992353441,0.354179974671984,True,False,False,False,False,True,True,True,1,0.25,D,0.568131739859707,0.44435319589355654,0.622668266608487,0.3559270285438891
Iraq,0.2574107896862957,0.219908672870074,0.2124044180118946,0.1826152129705428,True,True,True,True,False,False,False,False,4,1.0,A,0.2670540989032956,0.1646000565893834,0.2091196683756954,0.05656866335523331
Ireland,0.8259901416078436,0.875736521594103,0.7787807986406118,0.7233035359814183,True,True,True,True,False,False,False,False,4,1.0,A,0.8710316822571409,0.9064489999972132,0.7908803316243046,1.0
Israel,0.8330814494352046,0.7102983445158382,0.615016992353441,0.3721529253472198,True,True,False,True,False,False,True,False,3,0.75,B,0.8785644759646737,0.7193112669722883,0.622668266608487,0.3872875076912205
Italy,0.7930010538413984,0.6444358429294295,0.8937977909940527,0.4252730928791866,True,True,True,True,False,False,False,False,4,1.0,A,0.8359887820201048,0.6448099671157248,0.9090214901276316,0.47997534377838774
Jamaica,0.4529910857618803,0.4980929489582634,0.4424384027187765,0.297716791509383,True,True,True,True,False,False,False,False,4,1.0,A,0.474810701699628,0.4792721335531899,0.4454019853823497,0.257406061666564
Japan,0.8297091768673535,0.8575007215242297,0.8318819031435853,0.5028744758535763,True,True,True,True,False,False,False,False,4,1.0,A,0.8749822547161219,0.8858213169240527,0.8454238027708082,0.6153797410054725
Jordan,0.6523785054045246,0.5474503285051612,0.9468988954970264,0.3433287020041328,True,True,True,True,False,False,False,False,4,1.0,A,0.6866114494051824,0.5351034312595689,0.9635649612741355,0.33699295831962467
Kazakhstan,0.6431786189671082,0.477791166390182,0.7699660152931181,0.354179974671984,True,True,True,False,False,False,False,True,3,0.75,B,0.6768388026166171,0.4563074851675977,0.781826115413985,0.3559270285438891
Kenya,0.6230120368442038,0.3828781232875737,0.4955395072217502,0.2175382202561744,True,True,True,True,False,False,False,False,4,1.0,A,0.6554167029678434,0.34894525454826236,0.4999454565288535,0.11750480353238232
Kiribati,0.1606657737509384,0.5066895171565442,0.615016992353441,0.4390000363121789,True,True,False,True,False,False,True,False,3,0.75,B,0.16428599674008385,0.488996263211965,0.622668266608487,0.5039270883230439
Kuwait,0.4451672017271014,0.5619613041168726,0.3539719626168224,0.5664796184894159,True,True,True,True,False,False,False,False,4,1.0,A,0.46649972354715635,0.5515177264840079,0.35453256245227444,0.7263625053460374
Kyrgyzstan,0.3000051028179664,0.4672230367361789,0.5929269328802039,0.354179974671984,True,False,True,False,False,True,False,True,2,0.5,C,0.3123002201754467,0.44435319589355654,0.5999781826115413,0.3559270285438891
Lao People's Democratic Republic,0.2653457711590519,0.4672230367361789,0.615016992353441,0.2329903592567963,True,False,False,True,False,True,True,False,2,0.5,C,0.2754830911234248,0.44435319589355654,0.622668266608487,0.14446679167038806
Latvia,0.6839439135939636,0.7128040076102724,0.8672472387425658,0.354179974671984,True,True,True,False,False,False,False,True,3,0.75,B,0.7201420355782546,0.7221455832074993,0.8817497545543798,0.3559270285438891
Lebanon,0.3142402396745158,0.2330648139015806,0.1769328802039082,0.354179974671984,True,True,True,False,False,False,False,True,3,0.75,B,0.3274215986220496,0.1794818115232982,0.1726846296498309,0.3559270285438891
Lesotho,0.2730036145402973,0.3863100548279978,0.615016992353441,0.354179974671984,True,True,False,False,False,False,True,True,2,0.5,C,0.2836176913748687,0.35282733243206227,0.622668266608487,0.3559270285438891
Liberia,0.0504072981046679,0.2611678516452462,0.0972812234494477,0.1599226499175314,True,True,True,True,False,False,False,False,4,1.0,A,0.047163122966957814,0.21127095999762838,0.09086942293007524,0.016973069772259684
Libya,0.2584009785731744,0.1207095039707569,0.1858538657604078,0.3088199064908667,True,True,True,True,False,False,False,False,4,1.0,A,0.26810593430487967,0.05238951417635436,0.18184793280244355,0.2767795642226586
Liechtenstein,0.3973887009210851,0.883351736046467,0.615016992353441,0.354179974671984,True,True,False,False,False,False,True,True,2,0.5,C,0.41574666092614654,0.9150630574915718,0.622668266608487,0.3559270285438891
Lithuania,0.774994360523512,0.7764022725384304,0.9646346644010196,0.354179974671984,True,True,True,False,False,False,False,True,3,0.75,B,0.8168610400829838,0.7940856597555122,0.9817824806370677,0.3559270285438891
Luxembourg,0.762188958278292,0.937967768108498,0.7787807986406118,0.6912954714143279,True,True,True,True,False,False,False,False,4,1.0,A,0.8032584077049283,0.9768427543391134,0.7908803316243046,0.9441500586330682
Madagascar,0.1258502387956234,0.289553912480526,0.0707306711979609,0.354179974671984,True,True,True,False,False,False,False,True,3,0.75,B,0.12730293959174077,0.24338025404351743,0.0635976873568234,0.3559270285438891
Malawi,0.1971199171180266,0.3713945544816081,0.615016992353441,0.2179637079453785,True,True,False,True,False,False,True,False,3,0.75,B,0.20300967768220587,0.3359554533346797,0.622668266608487,0.11824722463205836
Malaysia,0.694076623688973,0.6343759533959803,0.7256796941376381,0.3700095659368269,True,True,True,True,False,False,False,False,4,1.0,A,0.7309055811332,0.6334305808397249,0.7363368604778008,0.38354762216494026
Maldives,0.1996851448508534,0.4499312203774921,0.2743203058623619,0.4547381138887519,True,True,True,True,False,False,False,False,4,1.0,A,0.2057346096404082,0.42479331334167675,0.2727173557325188,0.5313880023697982
Mali,0.164000206501554,0.2540790397009392,0.0796516567544605,0.288416805030704,True,True,True,True,False,False,False,False,4,1.0,A,0.16782802236547203,0.2032523501427214,0.07276099050943605,0.24117878561684258
Malta,0.7284453468786497,0.6159298724988426,0.5751911639762107,0.4503893289071978,True,True,True,True,False,False,False,False,4,1.0,A,0.7674140092090799,0.6125650356357804,0.5817606632486091,0.5237999338776186
Marshall Islands,0.07196940804226,0.5074425213986395,0.615016992353441,0.354179974671984,True,True,False,False,False,False,True,True,2,0.5,C,0.07006763226386545,0.48984803460664866,0.622668266608487,0.3559270285438891
Mauritania,0.2519152571237976,0.3001384654321052,0.159303313508921,0.354179974671984,True,True,True,False,False,False,False,True,3,0.75,B,0.26121642916533794,0.25535312076281014,0.15457619722919166,0.3559270285438891
Mauritius,0.5849327554430694,0.6498424329697279,0.5486406117247239,0.3852061364022879,True,True,True,True,False,False,False,False,4,1.0,A,0.6149667072393992,0.6509257078800705,0.5544889276753572,0.4100636761954948
Mexico,0.500762320526709,0.3467610006428698,0.362786745964316,0.2448524026908713,True,True,True,True,False,False,False,False,4,1.0,A,0.5255560459151378,0.30809086063218577,0.36358677866259403,0.1651645264208435
Micronesia (Federated States of),0.1304678909160848,0.4672230367361789,0.615016992353441,0.354179974671984,True,False,False,False,False,True,True,True,1,0.25,D,0.13220807439668855,0.44435319589355654,0.622668266608487,0.3559270285438891
Monaco,0.3630602395623732,0.8397839801049591,0.615016992353441,0.354179974671984,True,True,False,False,False,False,True,True,2,0.5,C,0.37928100127526376,0.8657807743821543,0.622668266608487,0.3559270285438891
Mongolia,0.427361966866255,0.433235355213235,0.4867247238742566,0.3697003596208008,True,True,True,True,False,False,False,False,4,1.0,A,0.4475859823323936,0.40590754940914253,0.4908912403185339,0.38300809705294403
Montenegro,0.4093138007105392,0.5286793346803573,0.7875955819881053,0.3333746476230859,True,True,True,True,False,False,False,False,4,1.0,A,0.42841418556935895,0.5138703562037621,0.799934547834624,0.31962441820125986
Morocco,0.4340845645761779,0.4499010939512184,0.796516567544605,0.2001909856827422,True,True,True,True,False,False,False,False,4,1.0,A,0.4547271110156237,0.4247592354086593,0.8090978509872369,0.0872361182210958
Mozambique,0.1701757940696429,0.2754857281360427,0.2743203058623619,0.354179974671984,True,True,True,False,False,False,False,True,3,0.75,B,0.17438808551683146,0.2274668284213415,0.2727173557325188,0.3559270285438891
Myanmar,0.1148774880758125,0.1413759290844218,0.3982582837723025,0.3698399394553571,True,True,True,True,False,False,False,False,4,1.0,A,0.11564705472694888,0.07576663313282725,0.40002181738845866,0.38325164584858074
Namibia,0.3713029329026881,0.5334794626326764,0.615016992353441,0.2090060451571411,True,True,False,True,False,False,True,False,3,0.75,B,0.3880368626817419,0.5193000888029168,0.622668266608487,0.10261725923820629
Nauru,0.1213986273286956,0.5061455163677087,0.0972812234494477,0.354179974671984,True,True,True,False,False,False,False,True,3,0.75,B,0.12257418268782087,0.48838090902840015,0.09086942293007524,0.3559270285438891
Nepal,0.4195563972366614,0.356052234405786,0.615016992353441,0.4445753857549452,True,True,False,True,False,False,True,False,3,0.75,B,0.43929445879104523,0.31860077106582296,0.622668266608487,0.5136553534865306
Netherlands,0.9102167307466248,0.905486435430314,0.8230671197960918,0.354179974671984,True,True,True,False,False,False,False,True,3,0.75,B,0.9605019938156891,0.9401010356477367,0.8363695865604887,0.3559270285438891
New Zealand,0.7427354269507555,0.9170317897565512,0.6460280373831776,0.4102926180501374,True,True,True,True,False,False,False,False,4,1.0,A,0.7825937514890532,0.9531607264261198,0.6545216537580452,0.4538363487417613
Nicaragua,0.1542887277258097,0.1964772709589441,0.1769328802039082,0.3890415032781305,True,True,True,True,False,False,False,False,4,1.0,A,0.15751193286636633,0.13809529503624832,0.1726846296498309,0.41675589636043153
Niger,0.0923239782444772,0.3128209392553556,0.615016992353441,0.3540554781011742,True,True,False,True,False,False,True,False,3,0.75,B,0.0916894236275406,0.2696990803372332,0.622668266608487,0.355709798096683
Nigeria,0.5835579640472963,0.2750575090100442,0.5751911639762107,0.2713867808869889,True,True,True,True,False,False,False,False,4,1.0,A,0.6135063250042221,0.22698244230265643,0.5817606632486091,0.21146359156284672
North Macedonia,0.3794552652239404,0.4750930531211059,0.8496176720475787,0.354179974671984,True,True,True,False,False,False,False,True,3,0.75,B,0.39669673743351935,0.45325547619641265,0.8636413221337406,0.3559270285438891
Norway,0.890230870661846,0.9247920136946012,0.796516567544605,0.7233035359814183,True,True,True,True,False,False,False,False,4,1.0,A,0.9392718674763171,0.9619388134504069,0.8090978509872369,1.0
Oman,0.6513333733020896,0.6219728920815022,0.5751911639762107,0.435304029798536,True,True,True,True,False,False,False,False,4,1.0,A,0.6855012501702279,0.6194006826750315,0.5817606632486091,0.497478034002809
Pakistan,0.5032371872404733,0.2905122619104253,0.4689889549702634,0.1501952428715164,True,True,True,True,False,False,False,False,4,1.0,A,0.5281849912186396,0.24446430455062765,0.4726737209556016,0.0
Palau,0.1577879901230943,0.620845503984753,0.615016992353441,0.354179974671984,True,True,False,False,False,False,True,True,2,0.5,C,0.1612290499918657,0.6181254216899862,0.622668266608487,0.3559270285438891
Panama,0.3780987882333529,0.4550758091891383,0.5751911639762107,0.3411463829258876,True,True,True,True,False,False,False,False,4,1.0,A,0.395255809809466,0.4306126877119674,0.5817606632486091,0.33318509320149303
Papua New Guinea,0.2404834352674859,0.326978853742806,0.615016992353441,0.2943451605370392,True,True,False,True,False,False,True,False,3,0.75,B,0.24907289262154259,0.28571400547926257,0.622668266608487,0.2515230007985244
Paraguay,0.3500533788601133,0.3713850121089205,0.615016992353441,0.2345925387626072,True,True,False,True,False,False,True,False,3,0.75,B,0.36546436817485006,0.33594465934490075,0.622668266608487,0.1472623881136307
Peru,0.6705341359776238,0.4155681176337643,0.681393372982158,0.2685364944856179,True,True,True,True,False,False,False,False,4,1.0,A,0.7058974010331245,0.3859230038355364,0.6908476055416165,0.20649020968085668
Philippines,0.7182405901697629,0.438949807293756,0.5486406117247239,0.3266419423350331,True,True,True,True,False,False,False,False,4,1.0,A,0.7565739316105571,0.4123715326729473,0.5544889276753572,0.30787671646845366
Poland,0.8372766592295362,0.651838110314837,0.9380841121495328,0.354179974671984,True,True,True,False,False,False,False,True,3,0.75,B,0.8830208683128651,0.6531831465245753,0.9545107450638158,0.3559270285438891
Portugal,0.7673731459526376,0.7015072825442665,0.8496176720475787,0.4112874191223301,True,True,True,True,False,False,False,False,4,1.0,A,0.8087653490537869,0.7093671329320342,0.8636413221337406,0.45557214821308734
Qatar,0.6568301168714523,0.6930377838391899,0.3893372982158029,0.4902462445082824,True,True,True,True,False,False,False,False,4,1.0,A,0.6913402063091022,0.6997867397270501,0.39085851423584594,0.5933451072423346
Republic of Korea,0.9183507486626918,0.4672230367361789,0.615016992353441,0.354179974671984,True,False,False,False,False,True,True,True,1,0.25,D,0.9691424139563434,0.44435319589355654,0.622668266608487,0.3559270285438891
Republic of Moldova,0.5928091606796755,0.4672230367361789,0.615016992353441,0.354179974671984,True,False,False,False,False,True,True,True,1,0.25,D,0.623333476423408,0.44435319589355654,0.622668266608487,0.3559270285438891
Romania,0.6618152681024874,0.5630706906556661,0.9380841121495328,0.3381785657104029,True,True,True,True,False,False,False,False,4,1.0,A,0.6966357197374362,0.5527726247522593,0.9545107450638158,0.3280066352186566
Russian Federation,0.6604954199222706,0.2914157776347408,0.615016992353441,0.4404920315660318,True,True,False,True,False,False,True,False,3,0.75,B,0.6952337013356296,0.24548632913640867,0.622668266608487,0.5065304274681761
Rwanda,0.5764678672268,0.5707738424204216,0.6460280373831776,0.4160237011195762,True,True,True,True,False,False,False,False,4,1.0,A,0.6059748176976061,0.561486153780818,0.6545216537580452,0.4638363489831464
Saint Kitts and Nevis,0.1288733266580864,0.4672230367361789,0.615016992353441,0.354179974671984,True,False,False,False,False,True,True,True,1,0.25,D,0.13051423682802993,0.44435319589355654,0.622668266608487,0.3559270285438891
Saint Lucia,0.2017192548333025,0.4672230367361789,0.615016992353441,0.354179974671984,True,False,False,False,False,True,True,True,1,0.25,D,0.2078953578760301,0.44435319589355654,0.622668266608487,0.3559270285438891
Saint Vincent and the Grenadines,0.1408203738733197,0.4672230367361789,0.615016992353441,0.354179974671984,True,False,False,False,False,True,True,True,1,0.25,D,0.1432050752851157,0.44435319589355654,0.622668266608487,0.3559270285438891
Samoa,0.1674640510953324,0.6132492421239146,0.615016992353441,0.2420002829906095,True,True,False,True,False,False,True,False,3,0.75,B,0.17150751666964126,0.6095328026874902,0.622668266608487,0.16018794566891417
San Marino,0.3385482993830599,0.7315062845905829,0.615016992353441,0.354179974671984,True,True,False,False,False,False,True,True,2,0.5,C,0.35324301318656093,0.7433009282331147,0.622668266608487,0.3559270285438891
Sao Tome and Principe,0.0850128975548908,0.4672230367361789,0.615016992353441,0.354179974671984,True,False,False,False,False,True,True,True,1,0.25,D,0.08392317458652611,0.44435319589355654,0.622668266608487,0.3559270285438891
Saudi Arabia,0.8473691074935811,0.6354236916438878,0.7875955819881053,0.4748710573334173,True,True,True,True,False,False,False,False,4,1.0,A,0.8937416454428136,0.6346157447721356,0.799934547834624,0.5665173901080499
Senegal,0.4393420098712652,0.4862027587609999,0.3539719626168224,0.3666662555199322,True,True,True,True,False,False,False,False,4,1.0,A,0.4603118708089762,0.4658223768038851,0.35453256245227444,0.3777139770108061
Serbia,0.733904250630777,0.4595242202315567,0.8141461342395921,0.354179974671984,True,True,True,False,False,False,False,True,3,0.75,B,0.7732127697247906,0.4356445707557911,0.8272062834078759,0.3559270285438891
Seychelles,0.2132804885327768,0.6577219598234414,0.615016992353441,0.3779320618281072,True,True,False,True,False,False,True,False,3,0.75,B,0.22017636309860633,0.6598387460841568,0.622668266608487,0.39737135493329695
Sierra Leone,0.143991187984131,0.2853842964313312,0.615016992353441,0.3788767527858566,True,True,False,True,False,False,True,False,3,0.75,B,0.14657329581130943,0.2386637338979798,0.622668266608487,0.3990197187226659
Singapore,0.8926495831531893,0.9467529926189896,0.8584324553950722,0.6450186156262884,True,True,True,True,False,False,False,False,4,1.0,A,0.9418411625455316,0.9867802852527345,0.8726955383440601,0.8634029182681577
Slovakia,0.5020638543017402,0.4672230367361789,0.9380841121495328,0.354179974671984,True,False,True,False,False,True,False,True,2,0.5,C,0.5269386097058208,0.44435319589355654,0.9545107450638158,0.3559270285438891
Slovenia,0.7389614484756891,0.6988159302417848,0.9027187765505524,0.354179974671984,True,True,True,False,False,False,False,True,3,0.75,B,0.7785848151967016,0.7063227717238013,0.9181847932802445,0.3559270285438891
Solomon Islands,0.1387496350804999,0.3921028065990511,0.615016992353441,0.5191449944200035,True,True,False,True,False,False,True,False,3,0.75,B,0.14100541782724704,0.35937988549784106,0.622668266608487,0.6437696958570021
Somalia,0.1498725340623882,0.4672230367361789,0.615016992353441,0.2619649703562118,True,False,False,True,False,True,True,False,2,0.5,C,0.15282079878377672,0.44435319589355654,0.622668266608487,0.1950237482661273
South Africa,0.5727305175621046,0.4668883332338004,0.5044604927782498,0.354179974671984,True,True,True,False,False,False,False,True,3,0.75,B,0.6020047906275016,0.44397459129468586,0.5091087596814661,0.3559270285438891
South Sudan,0.0077494154071724,0.0743948159425676,0.615016992353441,0.354179974671984,True,True,False,False,False,False,True,True,2,0.5,C,0.001849474457646319,0.0,0.622668266608487,0.3559270285438891
Spain,0.8851748838237983,0.6889226499688639,0.9027187765505524,0.4507107159205246,True,True,True,True,False,False,False,False,4,1.0,A,0.9339011084053224,0.695131847868428,0.9181847932802445,0.5243607127342336
Sri Lanka,0.5075972266814739,0.4224388172360691,0.615016992353441,0.354179974671984,True,True,False,False,False,False,True,True,2,0.5,C,0.5328164750669422,0.393694892831039,0.622668266608487,0.3559270285438891
State of Palestine,0.3183988206584764,0.4672230367361789,0.615016992353441,0.354179974671984,True,False,False,False,False,True,True,True,1,0.25,D,0.3318390817479939,0.44435319589355654,0.622668266608487,0.3559270285438891
Sudan,0.0598416387889014,0.098329870948969,0.615016992353441,0.1810731530476861,True,True,False,True,False,False,True,False,3,0.75,B,0.05718482049737822,0.027074475872675145,0.622668266608487,0.0538779678245703
Suriname,0.0737471163521128,0.3785423411676922,0.615016992353441,0.1714482387703455,True,True,False,True,False,False,True,False,3,0.75,B,0.07195601594375871,0.34404077330255345,0.622668266608487,0.037083734704836224
Sweden,0.807195928866983,0.908237582907886,0.7610450297366185,0.5811283859477431,True,True,True,True,False,False,False,False,4,1.0,A,0.8510673920417107,0.9432130350136781,0.7726628122613722,0.7519227138344498
Switzerland,0.7265760665428697,0.922336409910996,0.796516567544605,0.556696497294005,True,True,True,True,False,False,False,False,4,1.0,A,0.7654283524735692,0.9591611225123963,0.8090978509872369,0.7092922215741452
Syrian Arab Republic,0.1358913768647058,0.0743948159425676,0.615016992353441,0.354179974671984,True,True,False,False,False,False,True,True,2,0.5,C,0.137969212091069,0.0,0.622668266608487,0.3559270285438891
Taiwan,0.7590376695795309,0.4672230367361789,0.615016992353441,0.354179974671984,True,False,False,False,False,True,True,True,1,0.25,D,0.7999109281907748,0.44435319589355654,0.622668266608487,0.3559270285438891
Tajikistan,0.304365142258967,0.273922688120869,0.1238317757009345,0.354179974671984,True,True,True,False,False,False,False,True,3,0.75,B,0.31693170402374926,0.225698773609371,0.11814115850332708,0.3559270285438891
Thailand,0.7226189440159491,0.4707354303628075,0.5486406117247239,0.3676399120567997,True,True,True,True,False,False,False,False,4,1.0,A,0.7612248700699832,0.44832628960376786,0.5544889276753572,0.37941288199712914
Timor-Leste,0.080396456441294,0.3399575702057176,0.615016992353441,0.354179974671984,True,True,False,False,False,False,True,True,2,0.5,C,0.07901932618249499,0.30039506410392053,0.622668266608487,0.3559270285438891
Togo,0.2933923915391562,0.3481284803612382,0.615016992353441,0.3385973020780932,True,True,False,True,False,False,True,False,3,0.75,B,0.30527581915895746,0.30963770464952506,0.622668266608487,0.3287372761336887
Tonga,0.1486992011236551,0.4975214161763795,0.615016992353441,0.354179974671984,True,True,False,True,False,False,True,False,3,0.75,B,0.15157441727095797,0.4786256361664315,0.622668266608487,0.3559270285438891
Trinidad and Tobago,0.3066373395088269,0.4455109750341536,0.615016992353441,0.1895207317474974,True,True,False,True,False,False,True,False,3,0.75,B,0.31934536220397625,0.41979329032658375,0.622668266608487,0.0686179023210187
Tunisia,0.4144454671830577,0.4221027110740237,0.796516567544605,0.2013285318234645,True,True,True,True,False,False,False,False,4,1.0,A,0.4338653358866806,0.3933147015938548,0.8090978509872369,0.08922098941280292
Turkmenistan,0.1431475143387359,0.1742850609877841,0.615016992353441,0.1501952428715164,True,True,False,True,False,False,True,False,3,0.75,B,0.14567709729871312,0.11299226296613954,0.622668266608487,0.0
Tuvalu,0.0953299627086195,0.5357063741251519,0.615016992353441,0.5408179286813268,True,True,False,True,False,False,True,False,3,0.75,B,0.0948825526536231,0.5218190912224844,0.622668266608487,0.6815861688026609
Türkiye,0.6721103858304366,0.3942686577959002,0.615016992353441,0.354179974671984,True,True,False,False,False,False,True,True,2,0.5,C,0.7075717839906595,0.3618298187007191,0.622668266608487,0.3559270285438891
Uganda,0.3485503866280423,0.3342418160529067,0.2831350892098555,0.3680186843247699,True,True,True,True,False,False,False,False,4,1.0,A,0.36386780366180893,0.29392960798263595,0.28177157194283836,0.38007379071634323
Ukraine,0.7157303056524923,0.3602563960267648,0.8937977909940527,0.2106964565756289,True,True,True,True,False,False,False,False,4,1.0,A,0.753907363485725,0.32335636792330147,0.9090214901276316,0.1055668089809172
United Arab Emirates,0.7817914268610413,0.7280314666812258,0.840696686491079,0.6142531708339929,True,True,True,True,False,False,False,False,4,1.0,A,0.8240812736116244,0.7393703388267536,0.8544780189811279,0.8097211880224644
United Kingdom of Great Britain and Northern Ireland,0.9240477396822298,0.4672230367361789,0.615016992353441,0.354179974671984,True,False,False,False,False,True,True,True,1,0.25,D,0.975194084416659,0.44435319589355654,0.622668266608487,0.3559270285438891
United Republic of Tanzania,0.4235684629791386,0.4672230367361789,0.615016992353441,0.354179974671984,True,False,False,False,False,True,True,True,1,0.25,D,0.443556305028002,0.44435319589355654,0.622668266608487,0.3559270285438891
United States of America,0.947399817300537,0.4672230367361789,0.615016992353441,0.354179974671984,True,False,False,False,False,True,True,True,1,0.25,D,1.0,0.44435319589355654,0.622668266608487,0.3559270285438891
Uruguay,0.6743093254595549,0.7147129937076987,0.8141461342395921,0.3008470431696006,True,True,True,True,False,False,False,False,4,1.0,A,0.7099076237263928,0.7243049598215165,0.8272062834078759,0.2628679467899351
Uzbekistan,0.6344231222816007,0.3713456332124479,0.5398258283772303,0.354179974671984,True,True,True,False,False,False,False,True,3,0.75,B,0.6675382120986818,0.33590011534940317,0.5454347114650376,0.3559270285438891
Vanuatu,0.2438007646197809,0.4440861468859525,0.615016992353441,0.3388281329013901,True,True,False,True,False,False,True,False,3,0.75,B,0.2525967500367242,0.4181815758220271,0.622668266608487,0.32914004612685055
"Venezuela, Bolivarian Republic of",0.2070694831611816,0.4672230367361789,0.615016992353441,0.354179974671984,True,False,False,False,False,True,True,True,1,0.25,D,0.21357867712591658,0.44435319589355654,0.622668266608487,0.3559270285438891
Viet Nam,0.6580034498101853,0.4389350895634804,0.615016992353441,0.354179974671984,True,True,False,False,False,False,True,True,2,0.5,C,0.6925865878219208,0.4123548845042616,0.622668266608487,0.3559270285438891
Yemen,0.0285386873063819,0.4672230367361789,0.615016992353441,0.354179974671984,True,False,False,False,False,True,True,True,1,0.25,D,0.02393303088461812,0.44435319589355654,0.622668266608487,0.3559270285438891
Zambia,0.4928847042832384,0.3785506754166776,0.615016992353441,0.4380475743788147,True,True,False,True,False,False,True,False,3,0.75,B,0.5171879903302125,0.3440502007061258,0.622668266608487,0.5022651651842323
Zimbabwe,0.2595193682963511,0.2235026631873492,0.1503823279524214,0.2160812941167516,True,True,True,True,False,False,False,False,4,1.0,A,0.26929395198432793,0.16866544954986212,0.14541289407657904,0.11496265546553622
