country,AI_INDEX,LEGAL_WGI_SCORE,PQC,RES_INDEX,AI_OBSERVED,LEGAL_OBSERVED,PQC_OBSERVED,RES_OBSERVED,AI_IMPUTED,LEGAL_IMPUTED,PQC_IMPUTED,RES_IMPUTED,OBSERVED_COUNT,CONFIDENCE_SCORE,CONFIDENCE_TIER,AI_NORM,LEGAL_NORM,PQC_NORM,RES_NORM,QSSI_ENTROPY,QSSI_CRITIC,QSSI_PCA,QSSI_SCORE,RANK_ENTROPY,RANK_CRITIC,RANK_PCA,QSSI_KNN_SCORE,KNN_RANK,QSSI_TIER,QSSI_RANK,HIGH_CONF_RANK
Denmark,0.9129101593157498,0.9584398153347,0.9027187765505524,0.7176088170442433,True,True,True,True,False,False,False,False,4,1.0,A,0.9633631080517558,1.0,0.9181847932802444,0.990063450475872,0.970819833203812,0.9654545773384228,0.9662593983643376,0.967511269635524,1.0,1.0,1.0,0.9675112696355244,1,Platinum,1,1
Norway,0.890230870661846,0.9247920136946012,0.796516567544605,0.7233035359814183,True,True,True,True,False,False,False,False,4,1.0,A,0.9392718674763172,0.9619388134504068,0.8090978509872369,1.0,0.9376218543698792,0.924264183497004,0.9229876320506772,0.9282912233058532,2.0,2.0,3.0,0.9282912233058532,3,Platinum,3,2
Singapore,0.8926495831531893,0.9467529926189896,0.8584324553950722,0.6450186156262884,True,True,True,True,False,False,False,False,4,1.0,A,0.9418411625455316,0.9867802852527344,0.8726955383440601,0.8634029182681577,0.9251434721613582,0.9150694427725078,0.927258483290662,0.9224904660748424,3.0,3.0,2.0,0.9224904660748424,4,Platinum,4,3
Netherlands,0.9102167307466248,0.905486435430314,0.8230671197960918,0.6422474180084509,True,True,True,False,False,False,False,True,3,0.75,B,0.9605019938156892,0.9401010356477368,0.8363695865604887,0.8585675361053906,0.8075358499584439,0.7838827933686944,0.8447480047000185,0.9091247509897454,13.0,19.0,11.0,0.9091247509897452,6,Platinum,6,4
Ireland,0.8259901416078436,0.875736521594103,0.7787807986406118,0.7233035359814183,True,True,True,True,False,False,False,False,4,1.0,A,0.8710316822571409,0.9064489999972132,0.7908803316243046,1.0,0.8946583595693951,0.8874897291234847,0.8790997199210545,0.8870826028713114,4.0,4.0,7.0,0.8870826028713114,7,Platinum,7,5
Australia,0.906168036193777,0.8913983025818323,0.884983007646559,0.5490572416395311,True,True,True,True,False,False,False,False,4,1.0,A,0.9562012383564856,0.924165044993224,0.899967273917312,0.6959627064610057,0.8844071981221937,0.8746012470187162,0.8994176616692162,0.8861420356033753,5.0,5.0,4.0,0.8861420356033753,8,Platinum,8,6
Germany,0.89455549229934,0.8678682433117846,0.9203483432455396,0.5402794163871945,True,True,True,True,False,False,False,False,4,1.0,A,0.943865728503289,0.8975486857736967,0.9362932257008836,0.6806465343555476,0.87551976953059,0.8712362812975202,0.8942409352661295,0.8803323286980798,6.0,6.0,5.0,0.8803323286980798,9,Platinum,9,7
Luxembourg,0.762188958278292,0.937967768108498,0.7787807986406118,0.6912954714143279,True,True,True,True,False,False,False,False,4,1.0,A,0.8032584077049283,0.9768427543391134,0.7908803316243046,0.9441500586330682,0.8726350051183914,0.8688795895473413,0.8662694823889139,0.8692613590182156,7.0,7.0,9.0,0.8692613590182156,10,Platinum,10,8
Finland,0.8135522384731969,0.9584398153347,0.9734494477485132,0.43820065135753,True,True,True,True,False,False,False,False,4,1.0,A,0.8578194285024713,1.0,0.9908366968473872,0.502532264754341,0.8361549777557774,0.8396516590095543,0.8799255417811407,0.8519107261821574,9.0,8.0,6.0,0.8519107261821574,11,Gold,11,9
Canada,0.8640010094156945,0.8537832796331456,0.9823704333050128,0.4474138939284242,True,True,True,True,False,False,False,False,4,1.0,A,0.9114090051447578,0.8816162799704584,1.0,0.5186081838810729,0.8340936062231977,0.8371640499747303,0.8714648255178414,0.8475741605719231,10.0,9.0,8.0,0.8475741605719231,12,Gold,12,10
Estonia,0.8512163435893891,0.8336284625831961,0.9823704333050128,0.475594875649424,True,True,True,False,False,False,False,True,3,0.75,B,0.897828400179659,0.8588178737085511,1.0,0.5677803596457598,0.7885826242436564,0.790630694385335,0.8385809013152238,0.8468442129321457,17.0,16.0,13.0,0.8468442129321457,13,Gold,13,11
Sweden,0.807195928866983,0.908237582907886,0.7610450297366185,0.5811283859477431,True,True,True,True,False,False,False,False,4,1.0,A,0.8510673920417107,0.943213035013678,0.7726628122613722,0.7519227138344498,0.8397323020970786,0.8269308904889919,0.8443216244646825,0.8369949390169176,8.0,10.0,12.0,0.8369949390169176,14,Gold,14,12
France,0.947399817300537,0.7571854095710073,0.9027187765505524,0.441822938333823,True,True,True,True,False,False,False,False,4,1.0,A,1.0,0.7723482335151776,0.9181847932802444,0.5088526879969311,0.8285539203346031,0.8174642257525038,0.8532513229815225,0.8330898230228764,11.0,11.0,10.0,0.8330898230228765,15,Gold,15,13
Japan,0.8297091768673535,0.8575007215242297,0.8318819031435853,0.5028744758535763,True,True,True,True,False,False,False,False,4,1.0,A,0.8749822547161219,0.8858213169240527,0.8454238027708082,0.6153797410054725,0.8175979738063355,0.8093940736734063,0.8361628968704784,0.8210516481167399,12.0,13.0,14.0,0.8210516481167399,17,Gold,17,14
Switzerland,0.7265760665428697,0.922336409910996,0.796516567544605,0.556696497294005,True,True,True,True,False,False,False,False,4,1.0,A,0.7654283524735692,0.9591611225123964,0.8090978509872369,0.7092922215741452,0.8061365523653087,0.8041381507312246,0.820636425446327,0.8103037095142867,14.0,14.0,15.0,0.8103037095142867,18,Gold,18,15
United Arab Emirates,0.7817914268610413,0.7280314666812258,0.840696686491079,0.6142531708339929,True,True,True,True,False,False,False,False,4,1.0,A,0.8240812736116244,0.7393703388267536,0.8544780189811279,0.8097211880224644,0.8055776651310846,0.8109910522384417,0.806345684652142,0.8076381340072227,15.0,12.0,19.0,0.8076381340072227,19,Gold,19,16
Belgium,0.7715866701521545,0.7950749198037986,0.955819881053526,0.4741843546733551,True,True,True,True,False,False,False,False,4,1.0,A,0.8132411960131016,0.8152074887101552,0.972728264426748,0.5653191825994204,0.7852803261736071,0.7976082982609877,0.8179780917814555,0.80028890540535,19.0,15.0,17.0,0.8002889054053501,21,Gold,21,17
Austria,0.8154764620245336,0.8328247550093182,0.8584324553950722,0.4541127096524097,True,True,True,True,False,False,False,False,4,1.0,A,0.8598634490713527,0.8579087485232602,0.8726955383440601,0.5302967526987307,0.791018155813936,0.7864016896252962,0.818150188462572,0.7985233446339347,16.0,17.0,16.0,0.7985233446339347,22,Gold,22,18
Lithuania,0.774994360523512,0.7764022725384304,0.9646346644010196,0.4707464799936863,True,True,True,False,False,False,False,True,3,0.75,B,0.8168610400829838,0.7940856597555122,0.9817824806370676,0.559320535012219,0.7383907545784856,0.7481106942711053,0.7876053375584458,0.7973146527600518,22.0,21.0,20.0,0.7973146527600518,23,Gold,23,19
Spain,0.8851748838237983,0.6889226499688639,0.9027187765505524,0.4507107159205246,True,True,True,True,False,False,False,False,4,1.0,A,0.9339011084053224,0.695131847868428,0.9181847932802444,0.5243607127342336,0.7873890413154795,0.785129630380856,0.810606731613058,0.7943751344364643,18.0,18.0,18.0,0.7943751344364643,24,Gold,24,20
Poland,0.8372766592295362,0.651838110314837,0.9380841121495328,0.4404477128866552,True,True,True,False,False,False,False,True,3,0.75,B,0.8830208683128651,0.6531831465245753,0.9545107450638158,0.506453097092906,0.726929013531198,0.7315129022701737,0.7668598740302393,0.7708366380716357,24.0,24.0,22.0,0.7708366380716357,25,Gold,25,21
Iceland,0.7126327491624229,0.8667066751187339,0.7875955819881053,0.4998310502301324,True,True,True,True,False,False,False,False,4,1.0,A,0.7506169614040252,0.8962347614894698,0.799934547834624,0.610069356109576,0.7627529239092773,0.761200175568733,0.7827970780316882,0.768916725836566,20.0,20.0,21.0,0.768916725836566,26,Gold,26,22
Israel,0.8330814494352046,0.7102983445158382,0.907648260705248,0.3721529253472198,True,True,False,True,False,False,True,False,3,0.75,B,0.8785644759646737,0.7193112669722883,0.923248175280966,0.3872875076912205,0.6965881491889034,0.6650440424211976,0.709447993019376,0.755298709263204,28.0,32.0,30.0,0.7552987092632039,28,Gold,28,23
Saudi Arabia,0.8473691074935811,0.6354236916438878,0.7875955819881053,0.4748710573334173,True,True,True,True,False,False,False,False,4,1.0,A,0.8937416454428136,0.6346157447721356,0.799934547834624,0.5665173901080499,0.7479755081718896,0.739525405012418,0.7576338797629243,0.748378264315744,21.0,22.0,23.0,0.748378264315744,29,Gold,29,24
Slovenia,0.7389614484756891,0.6988159302417848,0.9027187765505524,0.4363292326136916,True,True,True,False,False,False,False,True,3,0.75,B,0.7785848151967016,0.7063227717238013,0.9181847932802444,0.4992668805916316,0.692650020158545,0.7018153932381774,0.7351102518084566,0.7375401382142214,30.0,29.0,27.0,0.7375401382142214,30,Gold,30,25
Italy,0.7930010538413984,0.6444358429294295,0.8937977909940527,0.4252730928791866,True,True,True,True,False,False,False,False,4,1.0,A,0.8359887820201048,0.6448099671157248,0.9090214901276316,0.4799753437783877,0.7258302780451499,0.732592174577761,0.7536056535519511,0.7373427020582872,25.0,23.0,25.0,0.7373427020582872,31,Gold,31,26
New Zealand,0.7427354269507555,0.9170317897565512,0.6460280373831776,0.4102926180501374,True,True,True,True,False,False,False,False,4,1.0,A,0.7825937514890532,0.9531607264261198,0.6545216537580452,0.4538363487417613,0.7332289162861614,0.7086836606104098,0.7546360241628084,0.7321828670197931,23.0,27.0,24.0,0.7321828670197931,32,Gold,32,27
Portugal,0.7673731459526376,0.7015072825442665,0.8496176720475787,0.4112874191223301,True,True,True,True,False,False,False,False,4,1.0,A,0.8087653490537869,0.7093671329320342,0.8636413221337406,0.4555721482130873,0.7182050792099344,0.7204366534853075,0.7473596949645108,0.7286671425532509,26.0,25.0,26.0,0.7286671425532509,33,Gold,33,28
Cyprus,0.6912733086887354,0.6576950523475349,0.8672472387425658,0.4598269958805703,True,True,True,True,False,False,False,False,4,1.0,A,0.7279277392303926,0.6598083093123578,0.8817497545543798,0.540267444620065,0.6953252904485538,0.710183117853415,0.7204298731060861,0.7086460938026848,29.0,26.0,28.0,0.7086460938026848,34,Gold,34,29
India,0.7804532642756392,0.4908191446875781,0.7610450297366185,0.5379361059928162,True,True,True,True,False,False,False,False,4,1.0,A,0.8226598005986945,0.4710442670128139,0.7726628122613722,0.6765577601700221,0.7003333002464567,0.7025245355130829,0.6960745572902775,0.6996441310166055,27.0,28.0,32.0,0.6996441310166055,35,Gold,35,30
Greece,0.713970911747825,0.5675206587019025,0.8584324553950722,0.4584474136236569,True,True,True,True,False,False,False,False,4,1.0,A,0.7520384344169552,0.5578062690229652,0.8726955383440601,0.5378602516453704,0.6787473689791587,0.693248611911626,0.699032819740047,0.6903429335436105,31.0,30.0,31.0,0.6903429335436105,36,Gold,36,31
Latvia,0.6839439135939636,0.7128040076102724,0.8672472387425658,0.3661012152998907,True,True,True,False,False,False,False,True,3,0.75,B,0.7201420355782546,0.7221455832074993,0.8817497545543798,0.3767280547569588,0.6676907865010946,0.6781132644639474,0.7097913489852026,0.689215530491084,34.0,31.0,29.0,0.689215530491084,37,Gold,37,32
China,0.8760530990345821,0.5099983935756449,0.6903143585386576,0.4028134361212486,True,True,True,False,False,False,False,True,3,0.75,B,0.9242114256649178,0.4927391455554836,0.7000109086942292,0.4407861416189436,0.666051010641066,0.6443355561869886,0.6784677600134721,0.6793393104184358,35.0,37.0,37.0,0.6793393104184358,38,Gold,38,33
Hungary,0.7380445172095522,0.555070976174037,0.9468988954970264,0.3087459909887522,True,True,True,True,False,False,False,False,4,1.0,A,0.7776107982396114,0.5437236346136015,0.9635649612741356,0.2766505912117928,0.6437173731219168,0.661043771519082,0.6907370835343399,0.6651660760584462,40.0,33.0,34.0,0.6651660760584462,39,Gold,39,34
Chile,0.6894589715685118,0.698529211303743,0.8584324553950722,0.3056448142298205,True,True,True,True,False,False,False,False,4,1.0,A,0.7260004463282524,0.7059984455433026,0.8726955383440601,0.2712394380384483,0.6467067567575491,0.6545253379892519,0.6940438022135759,0.665091965653459,39.0,34.0,33.0,0.665091965653459,40,Silver,40,35
Uruguay,0.6743093254595549,0.7147129937076987,0.8141461342395921,0.3008470431696006,True,True,True,True,False,False,False,False,4,1.0,A,0.7099076237263928,0.7243049598215165,0.8272062834078759,0.2628679467899351,0.6359121093330098,0.6397573952215935,0.6814019610768766,0.6523571552104932,41.0,39.0,36.0,0.6523571552104932,41,Silver,41,36
Romania,0.6618152681024874,0.5630706906556661,0.9380841121495328,0.3381785657104029,True,True,True,True,False,False,False,False,4,1.0,A,0.6966357197374362,0.5527726247522593,0.9545107450638158,0.3280066352186566,0.6234054125606266,0.6481827319447919,0.6687847699827477,0.6467909714960554,44.0,35.0,39.0,0.6467909714960554,42,Silver,42,37
Malta,0.7284453468786497,0.6159298724988426,0.5751911639762107,0.4503893289071978,True,True,True,True,False,False,False,False,4,1.0,A,0.7674140092090799,0.6125650356357804,0.5817606632486091,0.5237999338776186,0.650140188161924,0.6304577531881543,0.6491989392088664,0.6432656268529815,38.0,42.0,44.0,0.6432656268529815,43,Silver,43,38
Jordan,0.6523785054045246,0.5474503285051612,0.9468988954970264,0.3433287020041328,True,True,True,True,False,False,False,False,4,1.0,A,0.6866114494051824,0.5351034312595689,0.9635649612741356,0.3369929583196246,0.6185550390984608,0.6459262179084255,0.6637191547661495,0.6427334705910118,45.0,36.0,41.0,0.6427334705910118,44,Silver,44,39
Malaysia,0.694076623688973,0.6343759533959803,0.7256796941376381,0.3700095659368269,True,True,True,True,False,False,False,False,4,1.0,A,0.7309055811332,0.6334305808397249,0.7363368604778008,0.3835476221649402,0.634453100729702,0.6314888704825022,0.6591924028199269,0.6417114580107102,42.0,41.0,43.0,0.6417114580107102,45,Silver,45,40
Serbia,0.733904250630777,0.4595242202315567,0.8141461342395921,0.3593533707365106,True,True,True,False,False,False,False,True,3,0.75,B,0.7732127697247906,0.4356445707557911,0.8272062834078759,0.364953936942743,0.6123034261715485,0.6201579494344943,0.638485363280339,0.6253921763450796,47.0,45.0,45.0,0.6253921763450796,46,Silver,46,41
Oman,0.6513333733020896,0.6219728920815022,0.5751911639762107,0.435304029798536,True,True,True,True,False,False,False,False,4,1.0,A,0.6855012501702279,0.6194006826750315,0.5817606632486091,0.497478034002809,0.6137407795782832,0.6012012974482517,0.6180183822457471,0.6109868197574273,46.0,46.0,46.0,0.6109868197574273,48,Silver,48,42
Qatar,0.6568301168714523,0.6930377838391899,0.3893372982158029,0.4902462445082824,True,True,True,True,False,False,False,False,4,1.0,A,0.6913402063091022,0.6997867397270501,0.3908585142358459,0.5933451072423346,0.6262743546972336,0.5923488111374493,0.6099246513290502,0.6095159390545777,43.0,47.0,47.0,0.6095159390545777,49,Silver,49,43
Bahrain,0.6466986177833073,0.6083831998322443,0.6017417162276976,0.4208806272827415,True,True,True,False,False,False,False,True,3,0.75,B,0.6805779471550732,0.6040285101514584,0.609032398821861,0.4723110582511101,0.58211650153458,0.570793995524568,0.5995021741251335,0.6066134711157679,49.0,55.0,52.0,0.6066134711157679,50,Silver,50,44
Brazil,0.8309191386164575,0.4130226744470213,0.7168649107901445,0.2238163084764187,True,True,True,True,False,False,False,False,4,1.0,A,0.8762675454511877,0.3830436897864854,0.7272826442674811,0.1284592571595965,0.576679646002042,0.5614451609635013,0.6073831036470132,0.5818359702041854,50.0,57.0,48.0,0.5818359702041854,52,Silver,52,45
Bulgaria,0.6442237510695432,0.4970729169664213,0.8141461342395921,0.2941393556945477,True,True,True,True,False,False,False,False,4,1.0,A,0.6779490018515717,0.4781183099440484,0.8272062834078759,0.2511638979117476,0.5623368880545871,0.5761420389267363,0.6016309224093009,0.5800366164635414,57.0,53.0,51.0,0.5800366164635414,53,Silver,53,46
Rwanda,0.5764678672268,0.5707738424204216,0.6460280373831776,0.4160237011195762,True,True,True,True,False,False,False,False,4,1.0,A,0.6059748176976061,0.561486153780818,0.6545216537580452,0.4638363489831464,0.5725293338850157,0.5763653995973271,0.586261519390292,0.5783854176242116,53.0,52.0,57.0,0.5783854176242116,54,Silver,54,47
Croatia,0.535914930118766,0.5810184233716522,0.8318819031435853,0.3175215899087967,True,True,True,False,False,False,False,True,3,0.75,B,0.5628971630665769,0.5730744563652733,0.8454238027708082,0.2919628786547554,0.5645251845746568,0.590422313345127,0.6042435961652266,0.5740443680359222,56.0,48.0,49.0,0.5740443680359222,55,Silver,55,48
Mauritius,0.5849327554430694,0.6498424329697279,0.5486406117247239,0.3852061364022879,True,True,True,True,False,False,False,False,4,1.0,A,0.6149667072393992,0.6509257078800705,0.5544889276753572,0.4100636761954948,0.5704725226097112,0.5592623935743087,0.5830270419902186,0.5709206527247461,55.0,59.0,58.0,0.5709206527247461,58,Silver,58,49
Kazakhstan,0.6431786189671082,0.477791166390182,0.7699660152931181,0.3096283570066364,True,True,True,False,False,False,False,True,3,0.75,B,0.6768388026166171,0.4563074851675977,0.781826115413985,0.2781902060254193,0.5721143294548542,0.583759125935708,0.5987154425122246,0.5698505441930789,54.0,49.0,53.0,0.5698505441930789,59,Silver,59,50
Thailand,0.7226189440159491,0.4707354303628075,0.5486406117247239,0.3676399120567997,True,True,True,True,False,False,False,False,4,1.0,A,0.7612248700699832,0.4483262896037678,0.5544889276753572,0.3794128819971291,0.5736974738096445,0.553819553821193,0.5767107272981459,0.5680759183096611,52.0,61.0,60.0,0.5680759183096611,60,Silver,60,51
Ukraine,0.7157303056524923,0.3602563960267648,0.8937977909940527,0.2106964565756289,True,True,True,True,False,False,False,False,4,1.0,A,0.753907363485725,0.3233563679233014,0.9090214901276316,0.1055668089809172,0.5371360962281391,0.5541805205444243,0.5867513800766768,0.5593559989497466,65.0,60.0,56.0,0.5593559989497467,61,Silver,61,52
Argentina,0.7006343917522271,0.4557897315810742,0.5751911639762107,0.3486768488372286,True,True,True,True,False,False,False,False,4,1.0,A,0.737871618316319,0.4314202511192903,0.5817606632486091,0.3463247842544314,0.5575720688986355,0.5427016441170744,0.5656867198360906,0.5553201442839334,59.0,63.0,62.0,0.5553201442839335,62,Silver,62,53
Brunei Darussalam,0.4113295962878027,0.6961439584307305,0.5395053886175302,0.4922194845494351,True,True,False,True,False,False,True,False,3,0.75,B,0.4305554791938572,0.7033003330324546,0.5451055677127373,0.5967881564267131,0.5602865395266816,0.5758268011985326,0.5718475726367138,0.5525633069485464,58.0,54.0,61.0,0.5525633069485464,63,Silver,63,54
Philippines,0.7182405901697629,0.438949807293756,0.5486406117247239,0.3266419423350331,True,True,True,True,False,False,False,False,4,1.0,A,0.7565739316105571,0.4123715326729473,0.5544889276753572,0.3078767164684536,0.5480527287007596,0.5283492284994293,0.5557021323580088,0.5440346965193992,61.0,71.0,66.0,0.5440346965193992,65,Silver,65,55
Indonesia,0.6857033074986308,0.4672230367361789,0.4601741716227697,0.3733595901203665,True,True,True,True,False,False,False,False,4,1.0,A,0.7220109646470243,0.4443531958935565,0.4636195047452819,0.3893929819753194,0.5454157678736613,0.5199375113395043,0.5415104330950449,0.5356212374360702,62.0,75.0,71.0,0.5356212374360702,67,Silver,67,56
Zambia,0.4928847042832384,0.3785506754166776,0.7901761123531975,0.4380475743788147,True,True,False,True,False,False,True,False,3,0.75,B,0.5171879903302125,0.3440502007061258,0.8025851722393048,0.5022651651842323,0.4891076365954682,0.5050366689792776,0.4930542651214582,0.5346029217851107,84.0,84.0,89.0,0.5346029217851107,68,Silver,68,57
Russian Federation,0.6604954199222706,0.2914157776347408,0.592746599812476,0.4404920315660318,True,True,False,True,False,False,True,False,3,0.75,B,0.6952337013356296,0.2454863291364086,0.5997929512200582,0.5065304274681761,0.5370543456131468,0.5389094963252876,0.5310520978309182,0.5307298929617672,66.0,66.0,74.0,0.5307298929617673,69,Silver,69,58
Peru,0.6705341359776238,0.4155681176337643,0.681393372982158,0.2685364944856179,True,True,True,True,False,False,False,False,4,1.0,A,0.7058974010331245,0.3859230038355364,0.6908476055416165,0.2064902096808566,0.5210291761785811,0.5195441776765358,0.5487096622238612,0.5297610053596593,74.0,76.0,69.0,0.5297610053596593,70,Silver,70,59
Albania,0.4463222202606491,0.4876508458624123,0.955819881053526,0.2701885519067149,True,True,True,True,False,False,False,False,4,1.0,A,0.4677266504488516,0.46746040100221,0.972728264426748,0.2093728366484972,0.4900775255737857,0.5389446882811303,0.5515967079831909,0.5268729739460356,83.0,65.0,68.0,0.5268729739460356,71,Silver,71,60
Azerbaijan,0.5773847984929369,0.4373378402041625,0.7610450297366185,0.2924742011307767,True,True,True,False,False,False,False,True,3,0.75,B,0.6069488346546963,0.4105481333089987,0.7726628122613722,0.2482584181205981,0.5321984881957745,0.5508692032323024,0.5589954688886579,0.5265615817773337,68.0,62.0,65.0,0.5265615817773337,72,Silver,72,61
Bhutan,0.3877174839763055,0.6515967997708036,0.5044604927782498,0.4978538531478085,True,True,True,True,False,False,False,False,4,1.0,A,0.4054733398520378,0.6529101846909592,0.5091087596814661,0.6066194023990916,0.5230607600077919,0.5305833599201636,0.5238146392116695,0.5258195863798749,73.0,70.0,77.0,0.5258195863798749,73,Silver,73,62
Georgia,0.4260787474964091,0.5884643755050036,0.637213254035684,0.4096519846418876,True,True,True,True,False,False,False,False,4,1.0,A,0.4462228731528339,0.5814970503943908,0.6454674375477255,0.4527185261313548,0.5103205430319608,0.5276696484470622,0.530527664924427,0.5228392854678167,75.0,72.0,75.0,0.5228392854678167,75,Silver,75,63
Kuwait,0.4451672017271014,0.5619613041168726,0.3539719626168224,0.5664796184894159,True,True,True,True,False,False,False,False,4,1.0,A,0.4664997235471563,0.5515177264840079,0.3545325624522744,0.7263625053460374,0.5249547870723033,0.5153717887226115,0.4980869237596162,0.5128044998515102,71.0,80.0,87.0,0.5128044998515102,78,Silver,78,64
Dominican Republic,0.49687845562053,0.4837470816098899,0.7787807986406118,0.2916710080424913,True,True,True,True,False,False,False,False,4,1.0,A,0.5214303819560455,0.463044602875184,0.7908803316243046,0.2468569498502177,0.490344659922414,0.5155997249814023,0.5320665130904088,0.5126702993314083,82.0,79.0,73.0,0.5126702993314083,79,Bronze,79,65
Benin,0.4745324592805576,0.4278812747746087,0.5841121495327103,0.4796786347655915,True,True,True,True,False,False,False,False,4,1.0,A,0.4976931835835786,0.3998512056231274,0.5909239664012217,0.5749059922099085,0.505271622392039,0.5194095703687885,0.5034362532930955,0.5093724820179744,76.0,77.0,85.0,0.5093724820179744,81,Bronze,81,66
Montenegro,0.4093138007105392,0.5286793346803573,0.7875955819881053,0.3333746476230859,True,True,True,True,False,False,False,False,4,1.0,A,0.4284141855693589,0.5138703562037621,0.799934547834624,0.3196244182012598,0.4825375651334098,0.5174986036056684,0.524218333884599,0.5080848342078924,87.0,78.0,76.0,0.5080848342078924,82,Bronze,82,67
Ghana,0.5177079893507044,0.4831825899719507,0.6282922684791844,0.3350681388628944,True,True,True,True,False,False,False,False,4,1.0,A,0.5435567068080145,0.4624060701779488,0.6363041343951129,0.3225793418346607,0.4913684132763521,0.499511989095677,0.5137185983990549,0.501533000257028,80.0,85.0,82.0,0.501533000257028,83,Bronze,83,68
Colombia,0.6453604551979052,0.4377352101445263,0.6541762347296401,0.2117285367743431,True,True,False,True,False,False,True,False,3,0.75,B,0.6791564741421433,0.4109976239351965,0.6628911777260054,0.107367655716381,0.4847712654847494,0.476064466558195,0.516567548337352,0.5011577004054464,86.0,91.0,80.0,0.5011577004054464,84,Bronze,84,69
Bangladesh,0.5512465092727128,0.2813061278746889,0.6637638062871708,0.4272125185465458,True,True,True,True,False,False,False,False,4,1.0,A,0.5791832453787545,0.2340506558765595,0.6727391731209774,0.4833593912449411,0.4911770441361823,0.5093350571785956,0.494807269241715,0.4984397901854976,81.0,81.0,88.0,0.4984397901854976,85,Bronze,85,70
South Africa,0.5727305175621046,0.4668883332338004,0.5044604927782498,0.3105128330477938,True,True,True,False,False,False,False,True,3,0.75,B,0.6020047906275016,0.4439745912946858,0.5091087596814661,0.2797335025573154,0.4976968063917769,0.4879045944177651,0.5043796735076558,0.4819459755063374,79.0,87.0,84.0,0.4819459755063374,88,Bronze,88,71
Uzbekistan,0.6344231222816007,0.3713456332124479,0.5398258283772303,0.287282395255344,True,True,True,False,False,False,False,True,3,0.75,B,0.6675382120986818,0.3359001153494031,0.5454347114650376,0.2391993869778799,0.5035474418519256,0.4944782097831199,0.507236178582285,0.4792116715304738,77.0,86.0,83.0,0.4792116715304738,89,Bronze,89,72
Costa Rica,0.5350895708785564,0.6196565913730386,0.4689889549702634,0.2405479830122125,True,True,True,True,False,False,False,False,4,1.0,A,0.562020419165104,0.6167805663799829,0.4726737209556016,0.1576538696559563,0.4749755384100291,0.4565055541481158,0.5016452552169225,0.4777087825916891,89.0,95.0,86.0,0.4777087825916891,90,Bronze,90,73
North Macedonia,0.3794552652239404,0.4750930531211059,0.8496176720475787,0.2259479988698936,True,True,True,False,False,False,False,True,3,0.75,B,0.3966967374335193,0.4532554761964126,0.8636413221337406,0.1321787817574828,0.4731376887711466,0.5203065611906347,0.5162030298267692,0.4600058248788774,90.0,74.0,81.0,0.4600058248788774,91,Bronze,91,74
Ethiopia,0.4576270522875272,0.3197001893962491,0.5929269328802039,0.4300185938850485,True,True,True,False,False,False,False,True,3,0.75,B,0.4797352911156993,0.2774806413953509,0.5999781826115413,0.4882556305285777,0.4237675657799565,0.4401117179326755,0.4365783570514624,0.4590409868498292,100.0,99.0,106.0,0.4590409868498292,92,Bronze,92,75
Morocco,0.4340845645761779,0.4499010939512184,0.796516567544605,0.2001909856827422,True,True,True,True,False,False,False,False,4,1.0,A,0.4547271110156237,0.4247592354086593,0.8090978509872369,0.0872361182210958,0.4235948378483402,0.4553380534379773,0.4805425593010063,0.4531584835291079,101.0,96.0,92.0,0.4531584835291079,93,Bronze,93,76
Kenya,0.6230120368442038,0.3828781232875737,0.4955395072217502,0.2175382202561744,True,True,True,True,False,False,False,False,4,1.0,A,0.6554167029678434,0.3489452545482623,0.4999454565288535,0.1175048035323823,0.4439662507761795,0.4264841807135499,0.4637480562999543,0.4447328292632279,94.0,107.0,95.0,0.4447328292632279,94,Bronze,94,77
Tunisia,0.4144454671830577,0.4221027110740237,0.796516567544605,0.2013285318234645,True,True,True,True,False,False,False,False,4,1.0,A,0.4338653358866806,0.3933147015938548,0.8090978509872369,0.0892209894128029,0.4083024163224009,0.4429839653570909,0.4647768000645942,0.4386877272480286,107.0,97.0,94.0,0.4386877272480286,95,Bronze,95,78
Nigeria,0.5835579640472963,0.2750575090100442,0.5751911639762107,0.2713867808869889,True,True,True,True,False,False,False,False,4,1.0,A,0.6135063250042221,0.2269824423026564,0.5817606632486091,0.2114635915628467,0.4310619071295168,0.4315132772205194,0.4474271436192627,0.436667442656433,95.0,104.0,99.0,0.436667442656433,96,Bronze,96,79
Mongolia,0.427361966866255,0.433235355213235,0.4867247238742566,0.3697003596208008,True,True,True,True,False,False,False,False,4,1.0,A,0.4475859823323936,0.4059075494091425,0.4908912403185339,0.383008097052944,0.4305592367783763,0.435177995493147,0.4378044794744089,0.4345139039153107,96.0,103.0,105.0,0.4345139039153107,97,Bronze,97,80
Panama,0.3780987882333529,0.4550758091891383,0.5751911639762107,0.3411463829258876,True,True,True,True,False,False,False,False,4,1.0,A,0.395255809809466,0.4306126877119674,0.5817606632486091,0.333185093201493,0.4190437023390919,0.4366759394309758,0.4403065440885326,0.4320087286195333,103.0,101.0,102.0,0.4320087286195334,98,Bronze,98,81
Botswana,0.3540654446025904,0.5953814693423877,0.477909940526763,0.3168220363280914,True,True,True,True,False,False,False,False,4,1.0,A,0.3697262144118066,0.5893214188848412,0.4818370241082143,0.2907422479482807,0.4222078793634229,0.4263058299063321,0.4449482915599245,0.4311540002765598,102.0,108.0,100.0,0.4311540002765598,100,Bronze,100,82
Nepal,0.4195563972366614,0.356052234405786,0.4584846356153159,0.4445753857549452,True,True,False,True,False,False,True,False,3,0.75,B,0.4392944587910452,0.3186007710658229,0.4618840764649083,0.5136553534865306,0.4546853592079495,0.4789980582574027,0.459632850930832,0.4297022099377396,92.0,90.0,96.0,0.4297022099377396,101,Bronze,101,83
Jamaica,0.4529910857618803,0.4980929489582634,0.4424384027187765,0.297716791509383,True,True,True,True,False,False,False,False,4,1.0,A,0.474810701699628,0.4792721335531899,0.4454019853823497,0.257406061666564,0.4249435657309249,0.4177127499682641,0.4399578478475296,0.4275380545155728,98.0,113.0,104.0,0.4275380545155728,102,Bronze,102,84
Senegal,0.4393420098712652,0.4862027587609999,0.3539719626168224,0.3666662555199322,True,True,True,True,False,False,False,False,4,1.0,A,0.4603118708089762,0.4658223768038851,0.3545325624522744,0.3777139770108061,0.4277408230200933,0.4148437603139322,0.4258876408398562,0.4228240747246272,97.0,114.0,108.0,0.4228240747246272,103,Bronze,103,85
Namibia,0.3713029329026881,0.5334794626326764,0.6095773646030872,0.2090060451571411,True,True,False,True,False,False,True,False,3,0.75,B,0.3880368626817419,0.5193000888029168,0.617080884160867,0.1026172592382062,0.394302827487721,0.4101778795832324,0.4404171879772132,0.4137588415524626,113.0,115.0,101.0,0.4137588415524627,104,Bronze,104,86
El Salvador,0.3990931516101961,0.3969775670809071,0.503982176866726,0.3408857799468186,True,True,False,True,False,False,True,False,3,0.75,B,0.4175572261615459,0.3648940397379621,0.508617451442903,0.3327303746392211,0.4184528192071575,0.4401892334802549,0.4400812074618864,0.4082676976291005,104.0,98.0,103.0,0.4082676976291006,105,Bronze,105,87
Cabo Verde,0.3131951075720809,0.5983001913788477,0.5247252264345423,0.2561043729188966,True,True,False,True,False,False,True,False,3,0.75,B,0.3263113993870952,0.5926229725822966,0.5299239371776645,0.1847977621693053,0.4048323262471787,0.4259857815552862,0.4490694709247082,0.4065922870375396,109.0,109.0,98.0,0.4065922870375396,106,Bronze,106,88
Ecuador,0.6220218479573252,0.3404036848024685,0.3893372982158029,0.1945621115089828,True,True,True,True,False,False,False,False,4,1.0,A,0.6543648675662593,0.3008996929373596,0.3908585142358459,0.0774144593104996,0.4068331199399053,0.3785311615947834,0.4193606823579235,0.401574987964204,108.0,132.0,112.0,0.4015749879642041,107,Bronze,107,89
Fiji,0.3599455796739829,0.581653791059161,0.3274214103653356,0.3227530387539071,True,True,True,False,False,False,False,True,3,0.75,B,0.3759724309833572,0.5737931615080496,0.3272608268790226,0.3010910816628163,0.4111661270564155,0.3999069435553917,0.4154341378994541,0.3982458980948024,105.0,122.0,114.0,0.3982458980948024,108,Bronze,108,90
Armenia,0.3862511205546053,0.4808759404353455,0.362786745964316,0.346327246173746,True,True,True,False,False,False,False,True,3,0.75,B,0.4039156845612435,0.4597968709423994,0.363586778662594,0.3422250308714665,0.4007412695454723,0.3939662538265883,0.4031476673470805,0.3966389537688679,111.0,127.0,118.0,0.396638953768868,109,Bronze,109,91
Seychelles,0.2132804885327768,0.6577219598234414,0.3350957773152515,0.3779320618281072,True,True,False,True,False,False,True,False,3,0.75,B,0.2201763630986063,0.6598387460841568,0.3351436499618641,0.3973713549332969,0.4241796047386161,0.4574169130178539,0.4575590323332062,0.3842670601868656,99.0,93.0,97.0,0.3842670601868657,110,Bronze,110,92
Mexico,0.500762320526709,0.3467610006428698,0.362786745964316,0.2448524026908713,True,True,True,True,False,False,False,False,4,1.0,A,0.5255560459151378,0.3080908606321857,0.363586778662594,0.1651645264208435,0.372129057281266,0.3546330947202454,0.3802795776455867,0.369013909882366,119.0,145.0,132.0,0.369013909882366,111,Bronze,111,93
Algeria,0.4499496834942319,0.3585966585677635,0.3451571792693288,0.2755542924048365,True,True,True,True,False,False,False,False,4,1.0,A,0.4715799498522154,0.3214789324306031,0.3454783462419549,0.2187353612579475,0.3626093858852771,0.3489401375203335,0.3673976998262071,0.3596490744106058,125.0,148.0,138.0,0.3596490744106059,113,Bronze,113,94
Trinidad and Tobago,0.3066373395088269,0.4455109750341536,0.5923838454084177,0.1895207317474974,True,True,False,True,False,False,True,False,3,0.75,B,0.3193453622039762,0.4197932903265837,0.5994203434455831,0.0686179023210187,0.3362532506331205,0.3609445010149232,0.3841611687965552,0.3554303866454198,141.0,144.0,128.0,0.3554303866454198,114,Bronze,114,95
Antigua and Barbuda,0.2048522291268782,0.6072894192836624,0.1503823279524214,0.4546139035781736,True,True,True,True,False,False,False,False,4,1.0,A,0.2112233827790601,0.6027912648196778,0.145412894076579,0.5311712714097483,0.362356425974792,0.3499033329393443,0.3447504596639836,0.3523367395260399,126.0,147.0,150.0,0.3523367395260399,115,Bronze,115,96
Paraguay,0.3500533788601133,0.3713850121089205,0.5164647402523922,0.2345925387626072,True,True,False,True,False,False,True,False,3,0.75,B,0.36546436817485,0.3359446593449007,0.5214390743118277,0.1472623881136307,0.3513829132789323,0.37553557784197,0.3886042576803741,0.3499709021115541,132.0,136.0,126.0,0.3499709021115541,116,Bronze,116,97
Pakistan,0.5032371872404733,0.2905122619104253,0.4689889549702634,0.1501952428715164,True,True,True,True,False,False,False,False,4,1.0,A,0.5281849912186396,0.2444643045506276,0.4726737209556016,0.0,0.3395641537984986,0.332209662525472,0.3674574038728265,0.3464104067322657,138.0,155.0,137.0,0.3464104067322657,117,Bronze,117,98
Vanuatu,0.2438007646197809,0.4440861468859525,0.4197351896447051,0.3388281329013901,True,True,False,True,False,False,True,False,3,0.75,B,0.2525967500367242,0.4181815758220271,0.4220820929087535,0.3291400461268505,0.3650796953687789,0.400962540513136,0.3946215954679323,0.3435523964111124,124.0,120.0,121.0,0.3435523964111124,118,Emerging,118,99
Togo,0.2933923915391562,0.3481284803612382,0.4408465156478736,0.3385973020780932,True,True,False,True,False,False,True,False,3,0.75,B,0.3052758191589574,0.309637704649525,0.4437668584422797,0.3287372761336887,0.3600686170858466,0.3940533706912755,0.3841368051766834,0.3407689254462136,128.0,125.0,129.0,0.3407689254462137,119,Emerging,119,100
Maldives,0.1996851448508534,0.4499312203774921,0.2743203058623619,0.4547381138887519,True,True,True,True,False,False,False,False,4,1.0,A,0.2057346096404082,0.4247933133416767,0.2727173557325188,0.5313880023697982,0.3375350845293668,0.3442689875356053,0.3244785276127778,0.3354275332259167,140.0,151.0,155.0,0.3354275332259167,120,Emerging,120,101
Tuvalu,0.0953299627086195,0.5357063741251519,0.2073599002837814,0.5408179286813268,True,True,False,True,False,False,True,False,3,0.75,B,0.0948825526536231,0.5218190912224844,0.2039381281850208,0.6815861688026609,0.4025267800816774,0.4569268551227644,0.4131583290147754,0.3337396284658702,110.0,94.0,115.0,0.3337396284658702,121,Emerging,121,102
Uganda,0.3485503866280423,0.3342418160529067,0.2831350892098555,0.3680186843247699,True,True,True,True,False,False,False,False,4,1.0,A,0.3638678036618089,0.2939296079826359,0.2817715719428383,0.3800737907163432,0.3381174388191485,0.3317255232473856,0.3278165625039478,0.3325531748568273,139.0,156.0,153.0,0.3325531748568273,122,Emerging,122,103
Guyana,0.2080413576428749,0.4210951410137612,0.2309659466616048,0.4729469762846325,True,True,False,True,False,False,True,False,3,0.75,B,0.2146110579163772,0.3921749744748107,0.2281853773061711,0.5631601170203687,0.3938364472484327,0.4383844757393876,0.4052789277493106,0.3272740763903095,114.0,100.0,117.0,0.3272740763903096,123,Emerging,123,104
Barbados,0.1717337295172703,0.6669772305511315,0.2958987356554344,0.2728533184678624,True,True,False,True,False,False,True,False,3,0.75,B,0.176043013863243,0.67030797642204,0.2948819128320683,0.214022510354469,0.3700670465520151,0.4038589025657277,0.4199113776299543,0.327129323979612,120.0,118.0,110.0,0.327129323979612,124,Emerging,124,105
Bosnia and Herzegovina,0.3354885827102261,0.3881540341765276,0.3717077315208156,0.2549432841158808,True,True,True,True,False,False,False,False,4,1.0,A,0.3499928067280248,0.3549131757429771,0.3727500818152067,0.1827718120705635,0.3189595689072202,0.3181701933999199,0.3342443390992095,0.3237913671354498,149.0,160.0,152.0,0.3237913671354498,126,Emerging,126,106
Burkina Faso,0.2873107980107238,0.3457137059670255,0.2477697536108751,0.3964978220282902,True,True,True,True,False,False,False,False,4,1.0,A,0.2988156018650487,0.3069061984525858,0.2454456201592669,0.4297662101873331,0.3204926192775459,0.3169928518008671,0.3060358281324323,0.3145070997369484,148.0,162.0,160.0,0.3145070997369484,129,Emerging,129,107
Kiribati,0.1606657737509384,0.5066895171565442,0.1825764512835088,0.4390000363121789,True,True,False,True,False,False,True,False,3,0.75,B,0.1642859967400838,0.488996263211965,0.1784814950676905,0.5039270883230439,0.3842658742535376,0.4297343179332619,0.4054383983298776,0.3105154040056224,116.0,105.0,116.0,0.3105154040056224,130,Emerging,130,108
Cambodia,0.3249565887217305,0.3055012264081449,0.2124044180118946,0.3840682768923968,True,True,True,True,False,False,False,False,4,1.0,A,0.338805118931113,0.2614192836614489,0.2091196683756954,0.4080782582150348,0.3153058192841262,0.3050509669886305,0.2966776602782753,0.305678148850344,152.0,164.0,163.0,0.305678148850344,131,Emerging,131,109
Solomon Islands,0.1387496350804999,0.3921028065990511,0.1979714332186131,0.5191449944200035,True,True,False,True,False,False,True,False,3,0.75,B,0.141005417827247,0.359379885497841,0.194294645487778,0.6437696958570021,0.3741430016108608,0.4281451962374277,0.3806947473458452,0.3017798670197852,118.0,106.0,131.0,0.3017798670197853,133,Emerging,133,110
Samoa,0.1674640510953324,0.6132492421239146,0.2811798548661969,0.2420002829906095,True,True,False,True,False,False,True,False,3,0.75,B,0.1715075166696412,0.6095328026874902,0.2797632282557118,0.1601879456689141,0.3423553617644116,0.3773527982893138,0.3945945127139715,0.2973514634174724,135.0,133.0,122.0,0.2973514634174724,134,Emerging,134,111
Grenada,0.0975655311481084,0.5567795170459108,0.2248974002371201,0.3638131436347989,True,True,False,True,False,False,True,False,3,0.75,B,0.097257301611603,0.5456562747767704,0.2219519930874575,0.3727356650243379,0.343194169774718,0.3910224462514236,0.3790521242430026,0.2845170176160677,134.0,128.0,134.0,0.2845170176160677,139,Emerging,139,112
Tonga,0.1486992011236551,0.4975214161763795,0.1656545864119484,0.354179974671984,True,True,False,True,False,False,True,False,3,0.75,B,0.1515744172709579,0.4786256361664315,0.1610999875264434,0.3559270285438891,0.3451824625913055,0.3894548353479035,0.3782029374391261,0.2712274391803627,133.0,129.0,135.0,0.2712274391803627,142,Emerging,142,113
Dominica,0.103263733174511,0.5592302091456025,0.2246578419191365,0.3122368462693197,True,True,False,True,False,False,True,False,3,0.75,B,0.1033102584728355,0.5484284097940793,0.2217059277310559,0.2827416831093202,0.3270356688201405,0.3725577965429882,0.3699143738625845,0.2698768895251699,146.0,137.0,136.0,0.26987688952517,143,Emerging,143,114
Nauru,0.1213986273286956,0.5061455163677087,0.0972812234494477,0.3913675956910259,True,True,True,False,False,False,False,True,3,0.75,B,0.1225741826878208,0.4883809090284001,0.0908694229300752,0.4208146273906059,0.2543456286199753,0.2446714080326074,0.2455187168987005,0.2607095829585487,170.0,180.0,172.0,0.2607095829585487,145,Emerging,145,115
Gabon,0.2365812559561215,0.2957377032633009,0.2057975438798119,0.356241865601403,True,True,False,True,False,False,True,False,3,0.75,B,0.2449277740513268,0.2503751364160514,0.2023333340430139,0.359524762086062,0.3287018433004305,0.3707280577798411,0.35047617967961,0.2591576269692618,145.0,138.0,145.0,0.2591576269692618,146,Emerging,146,116
Belize,0.1586499781736748,0.4261964513288163,0.2137302288891318,0.3316058894347962,True,True,False,True,False,False,True,False,3,0.75,B,0.1621447031155854,0.3979453937617958,0.2104814917879421,0.3165381634575154,0.3218053771156329,0.3666810902854436,0.3548717556322326,0.2587353727085568,147.0,141.0,143.0,0.2587353727085569,148,Emerging,148,117
Angola,0.2274411567617198,0.2977401710398435,0.2920560747663551,0.3009719446820423,True,True,True,True,False,False,False,False,4,1.0,A,0.2352186366997987,0.2526402561530779,0.290934875095451,0.2630858838080228,0.2538602137168416,0.2597790370873347,0.2567590693169062,0.2567994400403608,171.0,173.0,168.0,0.2567994400403608,149,Emerging,149,118
Eswatini,0.2420047419047426,0.3150557358363591,0.2300339847068818,0.3116925743909469,True,True,True,False,False,False,False,True,3,0.75,B,0.2506889117457074,0.2722270020861715,0.2272281007963345,0.2817919989311009,0.2746628255267127,0.2734771282776378,0.2651273416232722,0.2567722496935739,161.0,167.0,166.0,0.2567722496935739,150,Emerging,150,119
Cameroon,0.3436592294366638,0.2599941544673645,0.2380416182682634,0.2200696394748562,True,True,False,True,False,False,True,False,3,0.75,B,0.3586721360909258,0.209943315840726,0.2354532428945094,0.1219218033369835,0.3133790762522661,0.3413615753195586,0.3486263149101833,0.2507999643071714,154.0,153.0,146.0,0.2507999643071714,151,Emerging,151,120
Papua New Guinea,0.2404834352674859,0.326978853742806,0.2125324286294634,0.2943451605370392,True,True,False,True,False,False,True,False,3,0.75,B,0.2490728926215425,0.2857140054792625,0.2092511561006902,0.2515230007985244,0.3156745445079773,0.3543049182749712,0.3470585205530118,0.2496961521700742,150.0,146.0,149.0,0.2496961521700743,152,Emerging,152,121
Guatemala,0.2618465087617673,0.3121409483360726,0.159303313508921,0.2923819781985882,True,True,True,True,False,False,False,False,4,1.0,A,0.2717659739979253,0.2689298989949366,0.1545761972291916,0.2480975010072056,0.2480408249281827,0.2352534255188894,0.2403040051189544,0.2411994185220088,172.0,182.0,175.0,0.2411994185220088,154,Emerging,154,122
Mauritania,0.2519152571237976,0.3001384654321052,0.159303313508921,0.2913083184900348,True,True,True,False,False,False,False,True,3,0.75,B,0.2612164291653379,0.2553531207628101,0.1545761972291916,0.246224103393768,0.263663324187818,0.2542506639048677,0.2472871591041963,0.2338813801780091,167.0,175.0,171.0,0.2338813801780092,156,Emerging,156,123
Chad,0.1065065938991995,0.2007546910387879,0.2212192013593882,0.4842051068569534,True,True,True,True,False,False,False,False,4,1.0,A,0.1067550110426064,0.1429337592352257,0.2181738845860149,0.5828041017745066,0.2340771693794999,0.2535711765696129,0.2065614540609396,0.2314032666700174,174.0,176.0,181.0,0.2314032666700175,157,Emerging,157,124
Tajikistan,0.304365142258967,0.273922688120869,0.1238317757009345,0.2572818717583491,True,True,True,False,False,False,False,True,3,0.75,B,0.3169317040237492,0.225698773609371,0.118141158503327,0.1868523456635747,0.273068260246127,0.2553262235110818,0.2507647686187528,0.2270682946536962,164.0,174.0,170.0,0.2270682946536963,158,Emerging,158,125
Mozambique,0.1701757940696429,0.2754857281360427,0.2743203058623619,0.304062619669409,True,True,True,False,False,False,False,True,3,0.75,B,0.1743880855168314,0.2274668284213415,0.2727173557325188,0.2684787127454572,0.2408423802548346,0.2530656033467835,0.2362030739565206,0.2264824613282356,173.0,177.0,176.0,0.2264824613282357,159,Emerging,159,126
Lebanon,0.3142402396745158,0.2330648139015806,0.1769328802039082,0.2406737469416716,True,True,True,False,False,False,False,True,3,0.75,B,0.3274215986220496,0.1794818115232982,0.1726846296498309,0.1578733114804267,0.2746253195621591,0.2630066339245648,0.2548313079906701,0.2259065755427814,162.0,172.0,169.0,0.2259065755427814,160,Emerging,160,127
Sierra Leone,0.143991187984131,0.2853842964313312,0.1758284239132169,0.3788767527858566,True,True,False,True,False,False,True,False,3,0.75,B,0.1465732958113094,0.2386637338979798,0.1715501734009873,0.3990197187226659,0.2954459736532614,0.3479270731773653,0.3171759977635696,0.2227214145058706,157.0,149.0,157.0,0.2227214145058706,162,Emerging,162,128
Malawi,0.1971199171180266,0.3713945544816081,0.2223137486325872,0.2179637079453785,True,True,False,True,False,False,True,False,3,0.75,B,0.2030096776822058,0.3359554533346797,0.2192981626622059,0.1182472246320583,0.2809279050030028,0.3200634232363084,0.326205055302319,0.2219195531368106,159.0,159.0,154.0,0.2219195531368106,163,Emerging,163,129
Myanmar,0.1148774880758125,0.1413759290844218,0.3982582837723025,0.3698399394553571,True,True,True,True,False,False,False,False,4,1.0,A,0.1156470547269488,0.0757666331328272,0.4000218173884586,0.3832516458485807,0.2069842386256081,0.2432156510804167,0.2075106809846371,0.2192368568968872,179.0,181.0,180.0,0.2192368568968873,164,Emerging,164,130
Nicaragua,0.1542887277258097,0.1964772709589441,0.1769328802039082,0.3890415032781305,True,True,True,True,False,False,False,False,4,1.0,A,0.1575119328663663,0.1380952950362483,0.1726846296498309,0.4167558963604315,0.21057416290457,0.2174930443950391,0.1905813799494863,0.2062161957496984,178.0,184.0,187.0,0.2062161957496985,166,Emerging,166,131
Niger,0.0923239782444772,0.3128209392553556,0.1865208424325731,0.3540554781011742,True,True,False,True,False,False,True,False,3,0.75,B,0.0916894236275406,0.2696990803372332,0.1825330263275999,0.355709798096683,0.2718562371382737,0.3278878618114223,0.3000077782735251,0.2048284774433262,165.0,158.0,162.0,0.2048284774433262,167,Emerging,167,132
Honduras,0.1530787659767057,0.2795780487166018,0.203483432455395,0.3009161386125323,True,True,True,True,False,False,False,False,4,1.0,A,0.1562266421313006,0.2320959147047014,0.1999563652230827,0.2629885094196551,0.2037417977934935,0.2081423989422313,0.2013658182390756,0.2044166716582668,181.0,185.0,182.0,0.2044166716582668,168,Emerging,168,133
Djibouti,0.1665288054240101,0.3033750947895522,0.189171159090086,0.2732792601389062,True,True,False,True,False,False,True,False,3,0.75,B,0.1705140451014276,0.2590142798210849,0.1852553326052416,0.2147657235938595,0.2704143259245371,0.3166464399393323,0.3066018846548481,0.203386874612521,166.0,163.0,159.0,0.203386874612521,169,Emerging,169,134
Libya,0.2584009785731744,0.1207095039707569,0.1858538657604078,0.3088199064908667,True,True,True,True,False,False,False,False,4,1.0,A,0.2681059343048796,0.0523895141763543,0.1818479328024435,0.2767795642226586,0.2055066660344676,0.2027525120977533,0.1905765151770148,0.1996118977697452,180.0,186.0,188.0,0.1996118977697452,172,Emerging,172,135
Iraq,0.2574107896862957,0.219908672870074,0.2124044180118946,0.1826152129705428,True,True,True,True,False,False,False,False,4,1.0,A,0.2670540989032956,0.1646000565893834,0.2091196683756954,0.0565686633552333,0.1889053141593021,0.1818671194324995,0.1974675133436639,0.1894133156451551,186.0,190.0,184.0,0.1894133156451551,175,Emerging,175,136
Guinea,0.0882557582795792,0.2544265790206249,0.2300339847068818,0.329246242516694,True,True,True,True,False,False,False,False,4,1.0,A,0.0873679271562969,0.2036454741578163,0.2272281007963345,0.312420884146658,0.1844907558451279,0.2000896570941715,0.1818914071068883,0.1888239400153959,187.0,187.0,189.0,0.1888239400153959,176,Emerging,176,137
Zimbabwe,0.2595193682963511,0.2235026631873492,0.1503823279524214,0.2160812941167516,True,True,True,True,False,False,False,False,4,1.0,A,0.2692939519843279,0.1686654495498621,0.145412894076579,0.1149626554655362,0.1934367154228065,0.1803757713859415,0.1922463448480213,0.1886862772189231,185.0,191.0,186.0,0.1886862772189231,177,Emerging,177,138
Madagascar,0.1258502387956234,0.289553912480526,0.0707306711979609,0.323049250439395,True,True,True,False,False,False,False,True,3,0.75,B,0.1273029395917407,0.2433802540435174,0.0635976873568234,0.3016079328217492,0.193874396567382,0.1879423438954589,0.1744479732010221,0.1749315466875816,184.0,189.0,191.0,0.1749315466875816,180,Emerging,180,139
Mali,0.164000206501554,0.2540790397009392,0.0796516567544605,0.288416805030704,True,True,True,True,False,False,False,False,4,1.0,A,0.167828022365472,0.2032523501427214,0.072760990509436,0.2411787856168425,0.1772928045949761,0.1675227148358616,0.1649366360890481,0.1699173851732953,189.0,192.0,192.0,0.1699173851732953,181,Emerging,181,140
Suriname,0.0737471163521128,0.3785423411676922,0.1717246198823888,0.1714482387703455,True,True,False,True,False,False,True,False,3,0.75,B,0.0719560159437587,0.3440407733025534,0.1673348991832194,0.0370837347048362,0.2136790123765427,0.2636100880432832,0.2703094207385182,0.1508272197199303,177.0,171.0,165.0,0.1508272197199303,182,Emerging,182,141
Burundi,0.0909125580383334,0.2267693547307254,0.0088147833474936,0.2993663040932398,True,True,True,True,False,False,False,False,4,1.0,A,0.0901901321701168,0.1723606138747804,0.0,0.2602842482216841,0.1321512853557031,0.123317852657425,0.1140812575306454,0.1231834651812578,193.0,193.0,193.0,0.1231834651812578,185,Emerging,185,142
Turkmenistan,0.1431475143387359,0.1742850609877841,0.1983313430859289,0.1501952428715164,True,True,False,True,False,False,True,False,3,0.75,B,0.1456770972987131,0.1129922629661395,0.1946643314603586,0.0,0.1800839071874759,0.2289797338479494,0.2292981175833312,0.1203193401300799,188.0,183.0,177.0,0.1203193401300799,186,Emerging,186,143
Liberia,0.0504072981046679,0.2611678516452462,0.0972812234494477,0.1599226499175314,True,True,True,True,False,False,False,False,4,1.0,A,0.0471631229669578,0.2112709599976283,0.0908694229300752,0.0169730697722596,0.0863839141380782,0.0857215625458027,0.0978341049677703,0.0899798605505504,194.0,194.0,194.0,0.0899798605505505,188,Emerging,188,144
Sudan,0.0598416387889014,0.098329870948969,0.1340208421735098,0.1810731530476861,True,True,False,True,False,False,True,False,3,0.75,B,0.0571848204973782,0.0270744758726751,0.1286069870083744,0.0538779678245703,0.1361861001271226,0.1970051117233128,0.1813766333408206,0.0647833738091887,192.0,188.0,190.0,0.0647833738091887,192,Emerging,192,145
Haiti,0.0622981910974804,0.1088655739108627,0.0088147833474936,0.2515412115441287,True,True,True,True,False,False,False,False,4,1.0,A,0.0597943111897566,0.0389920852354768,0.0,0.1768356345406743,0.0706574292498375,0.0670570867738111,0.0558136400042468,0.0645093853426318,195.0,195.0,195.0,0.0645093853426319,194,Emerging,194,146
