country,AI_INDEX,LEGAL_WGI_SCORE,RES_INDEX,PQC,QSSI_SCORE,RANK
denmark,0.9129101593157498,0.9663234009914472,0.7176088170442433,0.9027187765505524,0.8837206207187608,1
norway,0.890230870661846,0.9247920136946012,0.7897549500073996,0.796516567544605,0.8548613259846696,2
singapore,0.8926495831531893,0.9467529926189896,0.6450186156262884,0.8584324553950722,0.8465772941087066,3
australia,0.906168036193777,0.8913983025818323,0.5490572416395311,0.884983007646559,0.8216134762035372,4
germany,0.89455549229934,0.8678682433117846,0.5402794163871945,0.9203483432455396,0.8191894852794233,5
finland,0.8135522384731969,0.9584398153347,0.43820065135753,0.9734494477485132,0.814115375641125,6
ireland,0.8259901416078436,0.875736521594103,0.7233035359814183,0.7787807986406118,0.8059889272300454,7
canada,0.8640010094156945,0.8537832796331456,0.4474138939284242,0.9823704333050128,0.8032951192438059,8
luxembourg,0.762188958278292,0.937967768108498,0.6912954714143279,0.7787807986406118,0.7991798111715078,9
france,0.947399817300537,0.7571854095710073,0.441822938333823,0.9027187765505524,0.7780088793872619,10
sweden,0.807195928866983,0.908237582907886,0.5811283859477431,0.7610450297366185,0.7754091753852841,11
japan,0.8297091768673535,0.8575007215242297,0.5028744758535763,0.8318819031435853,0.7689722359730641,12
belgium,0.7715866701521545,0.7950749198037986,0.4741843546733551,0.955819881053526,0.7617202082351728,13
switzerland,0.7265760665428697,0.922336409910996,0.556696497294005,0.796516567544605,0.7615799112960695,14
austria,0.8154764620245336,0.8328247550093182,0.4541127096524097,0.8584324553950722,0.7548998294501782,15
united arab emirates,0.7817914268610413,0.7280314666812258,0.6142531708339929,0.840696686491079,0.7467371063231824,16
spain,0.8851748838237983,0.6889226499688639,0.4507107159205246,0.9027187765505524,0.744788109157546,17
iceland,0.7126327491624229,0.8667066751187339,0.4998310502301324,0.7875955819881053,0.7285390787453014,18
italy,0.7930010538413984,0.6444358429294295,0.4252730928791866,0.8937977909940527,0.7005836356041057,19
saudi arabia,0.8473691074935811,0.6354236916438878,0.4748710573334173,0.7875955819881053,0.6963025169473076,20
new zealand,0.7427354269507555,0.9170317897565512,0.4102926180501374,0.6460280373831776,0.6957129850409497,21
portugal,0.7673731459526376,0.7015072825442665,0.4112874191223301,0.8496176720475787,0.6951985232205227,22
cyprus,0.6912733086887354,0.6576950523475349,0.4598269958805703,0.8672472387425658,0.677717870825479,23
greece,0.713970911747825,0.5675206587019025,0.4584474136236569,0.8584324553950722,0.6567528893822032,24
chile,0.6894589715685118,0.698529211303743,0.3056448142298205,0.8584324553950722,0.6536355463599951,25
hungary,0.7380445172095522,0.555070976174037,0.3087459909887522,0.9468988954970264,0.6505220837521704,26
india,0.7804532642756392,0.4908191446875781,0.5379361059928162,0.7610450297366185,0.645823435715476,27
uruguay,0.6743093254595549,0.7147129937076987,0.3008470431696006,0.8141461342395921,0.6418402953732424,28
romania,0.6618152681024874,0.5630706906556661,0.3381785657104029,0.9380841121495328,0.6363973685714763,29
jordan,0.6523785054045246,0.5474503285051612,0.3433287020041328,0.9468988954970264,0.6329486478305772,30
malaysia,0.694076623688973,0.6343759533959803,0.3700095659368269,0.7256796941376381,0.6175688465332618,31
malta,0.7284453468786497,0.6159298724988426,0.4503893289071978,0.5751911639762107,0.6007375836403105,32
oman,0.6513333733020896,0.6219728920815022,0.435304029798536,0.5751911639762107,0.5786904477423213,33
bulgaria,0.6442237510695432,0.4970729169664213,0.2941393556945477,0.8141461342395921,0.5733113359796896,34
qatar,0.6568301168714523,0.6930377838391899,0.4902462445082824,0.3893372982158029,0.5642297853461673,35
brazil,0.8309191386164575,0.4130226744470213,0.2238163084764187,0.7168649107901445,0.5608379320398524,36
rwanda,0.5764678672268,0.5707738424204216,0.4160237011195762,0.6460280373831776,0.5586456554864162,37
ukraine,0.7157303056524923,0.3602563960267648,0.2106964565756289,0.8937977909940527,0.5576527942351186,38
mauritius,0.5849327554430694,0.6498424329697279,0.3852061364022879,0.5486406117247239,0.5513619356430496,39
albania,0.4463222202606491,0.4876508458624123,0.2701885519067149,0.955819881053526,0.5487388767615996,40
thailand,0.7226189440159491,0.4707354303628075,0.3676399120567997,0.5486406117247239,0.5356387923632017,41
argentina,0.7006343917522271,0.4557897315810742,0.3486768488372286,0.5751911639762107,0.5284229960837532,42
dominican republic,0.49687845562053,0.4837470816098899,0.2916710080424913,0.7787807986406118,0.5210741924321222,43
montenegro,0.4093138007105392,0.5286793346803573,0.3333746476230859,0.7875955819881053,0.5209888768370483,44
georgia,0.4260787474964091,0.5884643755050036,0.4096519846418876,0.637213254035684,0.5198863460969999,45
peru,0.6705341359776238,0.4155681176337643,0.2685364944856179,0.681393372982158,0.5193544370959629,46
philippines,0.7182405901697629,0.438949807293756,0.3266419423350331,0.5486406117247239,0.5172064962996588,47
bhutan,0.3877174839763055,0.6515967997708036,0.4978538531478085,0.5044604927782498,0.5119799243709571,48
indonesia,0.6857033074986308,0.4672230367361789,0.3733595901203665,0.4601741716227697,0.5037951214845819,49
ghana,0.5177079893507044,0.4831825899719507,0.3350681388628944,0.6282922684791844,0.49770974245991484,50
benin,0.4745324592805576,0.4278812747746087,0.4796786347655915,0.5841121495327103,0.4905361502535653,51
morocco,0.4340845645761779,0.4499010939512184,0.2001909856827422,0.796516567544605,0.4803779451277634,52
bangladesh,0.5512465092727128,0.2813061278746889,0.4272125185465458,0.6637638062871708,0.4801360398484016,53
kuwait,0.4451672017271014,0.5619613041168726,0.5664796184894159,0.3539719626168224,0.4794767819858582,54
costa rica,0.5350895708785564,0.6196565913730386,0.2405479830122125,0.4689889549702634,0.4793841272728183,55
tunisia,0.4144454671830577,0.4221027110740237,0.2013285318234645,0.796516567544605,0.4678432209318375,56
botswana,0.3540654446025904,0.5953814693423877,0.3168220363280914,0.477909940526763,0.44294880365624517,57
panama,0.3780987882333529,0.4550758091891383,0.3411463829258876,0.5751911639762107,0.4408499656583984,58
kenya,0.6230120368442038,0.3828781232875737,0.2175382202561744,0.4955395072217502,0.440298468061466,59
nigeria,0.5835579640472963,0.2750575090100442,0.2713867808869889,0.5751911639762107,0.43191453913492617,60
mongolia,0.427361966866255,0.433235355213235,0.3697003596208008,0.4867247238742566,0.4317603760733302,61
jamaica,0.4529910857618803,0.4980929489582634,0.297716791509383,0.4424384027187765,0.42988294141935146,62
senegal,0.4393420098712652,0.4862027587609999,0.3666662555199322,0.3539719626168224,0.4152689853590374,63
ecuador,0.6220218479573252,0.3404036848024685,0.1945621115089828,0.3893372982158029,0.3969191678639413,64
mexico,0.500762320526709,0.3467610006428698,0.2448524026908713,0.362786745964316,0.37029752829990337,65
pakistan,0.5032371872404733,0.2905122619104253,0.1501952428715164,0.4689889549702634,0.36248337233807393,66
algeria,0.4499496834942319,0.3585966585677635,0.2755542924048365,0.3451571792693288,0.3620232791026375,67
antigua and barbuda,0.2048522291268782,0.6072894192836624,0.4546139035781736,0.1503823279524214,0.35304477716625127,68
bosnia and herzegovina,0.3354885827102261,0.3881540341765276,0.2549432841158808,0.3717077315208156,0.3419495971756591,69
maldives,0.1996851448508534,0.4499312203774921,0.4547381138887519,0.2743203058623619,0.34016230056612784,70
uganda,0.3485503866280423,0.3342418160529067,0.3680186843247699,0.2831350892098555,0.332293276602014,71
burkina faso,0.2873107980107238,0.3457137059670255,0.3964978220282902,0.2477697536108751,0.316212913730521,72
cambodia,0.3249565887217305,0.3055012264081449,0.3840682768923968,0.2124044180118946,0.30378206004342007,73
angola,0.2274411567617198,0.2977401710398435,0.3009719446820423,0.2920560747663551,0.2782903474127457,74
guatemala,0.2618465087617673,0.3121409483360726,0.2923819781985882,0.159303313508921,0.2561187568999022,75
myanmar,0.1148774880758125,0.1413759290844218,0.3698399394553571,0.3982582837723025,0.24712279723391303,76
chad,0.1065065938991995,0.2007546910387879,0.4842051068569534,0.2212192013593882,0.24053344775154112,77
honduras,0.1530787659767057,0.2795780487166018,0.3009161386125323,0.203483432455395,0.23126387038866167,78
nicaragua,0.1542887277258097,0.1964772709589441,0.3890415032781305,0.1769328802039082,0.22088893134560889,79
iraq,0.2574107896862957,0.219908672870074,0.1826152129705428,0.2124044180118946,0.22014046792566605,80
guinea,0.0882557582795792,0.2544265790206249,0.329246242516694,0.2300339847068818,0.21984131239174318,81
libya,0.2584009785731744,0.1207095039707569,0.3088199064908667,0.1858538657604078,0.2133541932481683,82
zimbabwe,0.2595193682963511,0.2235026631873492,0.2160812941167516,0.1503823279524214,0.21310913420126,83
mali,0.164000206501554,0.2540790397009392,0.288416805030704,0.0796516567544605,0.19343126863848933,84
burundi,0.0909125580383334,0.2267693547307254,0.2993663040932398,0.0088147833474936,0.15104269907341444,85
liberia,0.0504072981046679,0.2611678516452462,0.1599226499175314,0.0972812234494477,0.14251902307895342,86
haiti,0.0622981910974804,0.1088655739108627,0.2515412115441287,0.0,0.09911571903380481,87
