original_file,stored_file,sha256
ADVERSARIAL_TESTS.md,ADVERSARIAL_TESTS.md,0ee99a3f52688a93cda42c54e8389a2d483126901794b43abd4c5510925cbc70
AI_INDEX_2026_v1 (1).csv,AI_INDEX_2026_v1.csv,16656947ff8486b896640a00d05deccee086e52358f6614472ad38929af0b776
AI_INDEX_2026_v1_manifest (1).json,AI_INDEX_2026_v1_manifest.json,ec59008199b21e8941973d53bbd9a9cead339b9229934f12d5a462886c8f1d80
AI_INDEX_2026_v1_metadata (1).json,AI_INDEX_2026_v1_metadata.json,67def417ed06902fe66445951aa2860459bcc17f1e0bc40575863e7b8fd31c1f
comparative_analysis.md,comparative_analysis.md,f2efb50352b7c9a52023e87e3b79e7c1dd65a030c15b2d30b6104c35d3f0b171
correlation_matrix (2).csv,correlation_matrix.csv,7516d9b7070ab915d9a21d1cd1fdb68b26ba737e8c8fa78f1ba146c62b4edb60
DATA_PIPELINE.md,DATA_PIPELINE.md,f9c86bad288db4deee3d65f344f74c291c2d43bdd4be6aee543d3ad0978d1e52
data_sources_v2026.1.0.md,data_sources_v2026.1.0.md,8577a270ce37c9b2022e120322b5114d62f5927e81f41e22a11170144e8ce8d6
DATA_VALIDATION_REPORT.md,DATA_VALIDATION_REPORT.md,ff93a740d0441be6e95377c9ad49238df453efa592360f56858baee0e948a884
EMPIRICAL_VALIDATION.md,EMPIRICAL_VALIDATION.md,fc6b3c295a2583342bbdd9c706d6664770e61ab0c3aeeca94a9b33c836f7404f
environment (1).json,environment.json,437333e87faaf400e6f0f9c7bcfc7c5be2b8f59d35b3d8a90d1893111602f3cd
explain.py,explain.py,afa0af194fb9c88901a40996197009ef45e8e892229e01910a48774050b61fad
export_registry (1).json,export_registry.json,84c5a6d297ad5cc802c2e9fca3a933a0b9d008f9c5ab3c316449a0a8d9d6f733
feature_importance.csv,feature_importance.csv,f4b61d5a4f52074199f8f97d9107899724b3f6d00b51d5d6be406c9dcc4ab3fb
FORMAL_ASSUMPTIONS.md,FORMAL_ASSUMPTIONS.md,833343b81a9c5e1f5d2a30a008611b831ab1a12ab45b650dd07adb980fae52db
LEGAL_WGI_2026_v1 (1).csv,LEGAL_WGI_2026_v1.csv,13e5310373fc4104b70b0eb410ccb1628099336f21fe705545b472290cc7b4e7
LEGAL_WGI_2026_v1_manifest (1).json,LEGAL_WGI_2026_v1_manifest.json,6b75be969c1bcdf72afe319aca8bbf8705c7a8d970bfc1f83b153a6b3dc2309e
LEGAL_WGI_2026_v1_manifest.json,LEGAL_WGI_2026_v1_manifest.json,6b75be969c1bcdf72afe319aca8bbf8705c7a8d970bfc1f83b153a6b3dc2309e
manifest (1).json,manifest.json,237810645e8388abe67b8eab6389c3b179e272835b0884846df09161a434a6ff
merge_audit (1).json,merge_audit.json,14ea45bc538108ef5f4a93b2ea53573e037251c2a352fd60f17dc5e1639f253a
metrics.py,metrics.py,2d8ea8e1937d43204503c6b075bb9a127ad9f9188107a0647cfa5d9915c149e9
model_layer_qssi_v2026.1.0.md,model_layer_qssi_v2026.1.0.md,f969b3ed00893273aaf3781a66ab9b4a3ca39a51f17cf28c404f7e46455d2092
model_metrics.json,model_metrics.json,5d9a5eee9b8c63fc3f431bf6dc2aa416ae1b0ee70edd7afd6a36a2fae0426649
PCA_RESULTS (1).csv,PCA_RESULTS.csv,9bdd30edfaf4c6bc8a1f1d7df72c5d01c778aa77ff005aa61c2a02f43d003ea1
PEER_REVIEW_READY.md,PEER_REVIEW_READY.md,b9b013fb01a81d99892c257defa2990ce669cda403b3e74975c9c492c1ed1fa9
POLICY_GUIDE.md,POLICY_GUIDE.md,f788c5f093084fb2c284d484629300b79bf3f33acf7c863ba618fb862ef73106
PQC_NCSI_2026 (1).csv,PQC_NCSI_2026.csv,a421685fedadd3fb3b0b9ffbdb3822401ea4ab98098853b104f54397631cda8d
prediction_output.csv,prediction_output.csv,9eb7292795480765f290857207ec9ad8545397c32768328395f4e5ce084a841c
process_layer_v2026.1.0.md,process_layer_v2026.1.0.md,4039ee83f05a1d5d89f73620ff83abfa61f9444acea94f9b4dae297dff8a29ad
qssi_data_provenance_framework.md,qssi_data_provenance_framework.md,8848933f26aaa5f65908dfe029445631cefb301ed5dcd1e926c08a2d6f497925
qssi_engine_v1_0.py,qssi_engine_v1_0.py,79152d4ed03e647836e2c4b970fbadeb4ec8526b8f3cfcf6f9a68cd50e9b8c4f
qssi_engine.py,qssi_engine.py,dcb4fa080b1ac921cc811f84c63fb4663cfe3ca3bd8abde65778b46de62d63f8
QSSI_GLOBAL_RANKINGS_2026.csv,QSSI_GLOBAL_RANKINGS_2026.csv,93233f4feec438aebb571892353dc2ee83ef73337cd0058fc0b07feb3db9fdab
QSSI_MANIFEST.json,QSSI_MANIFEST.json,00528fd042ddc0549090d593ecd85eb8bb75a2417239ae7fb5ba9507eb15ed3e
QSSI_Methodology.md,QSSI_Methodology.md,e1beab37080476a0affb98a49956f5396ac7ab006a2b9160c21610791fbf6fcc
QSSI_paper_v1.md,QSSI_paper_v1.md,748bca219b0609ad123db1850c7a53be5b7288e52d3aa7b95d23e3eb54eb382c
QSSI_REPORT.tex,QSSI_REPORT.tex,d49d519f5b316413bfc08b116db0dbde88da8f129d834029e54a4fbb2a84e2cb
QSSI_TOP40.csv,QSSI_TOP40.csv,c0537067adb51201845d75ed932bf10770d70002006de74f7c3a577df2242e29
QVP_GLOBAL_MASTER_2026 (1).csv,QVP_GLOBAL_MASTER_2026.csv,827706e80eca2940843433a59f314bcd4fda9121282535fd2da9fddcf2359d7d
QVP_GLOBAL_MASTER_2026 (1).json,QVP_GLOBAL_MASTER_2026.json,c2a89371cb707c3648270206479a5ee9aaa26786ec565e6a9adb2481500aa6d4
README_RESULTS.md,README_RESULTS.md,c1dc38bbf9bd4ccfed00d088e87e6ce84d7eeafeb099794fa0a207ee46ff14fa
requirements.lock.txt,requirements.lock.txt,b84abe2b51d92c452d68504bc0db3066e84ac593d9db4118008751e31f914f9e
RES_INDEX_2026 (1).csv,RES_INDEX_2026.csv,4e936fa81a2fa2d491b897313ac136d38af431cb72f55b3adb85006bded88c9d
RISK_MODEL_EXTENSION.md,RISK_MODEL_EXTENSION.md,1059c49b6054fd2aff9dbb1a1b5b796e0eeb5a91f150b6c75c5ec9772e832ea5
SCI_2026_v1 (1).csv,SCI_2026_v1.csv,d7e3893bc2a639c4d8dea872e934e53ddec11a284d5cfa35908dbc3e36c770ae
SCI_PLUS_2026_v1 (1).csv,SCI_PLUS_2026_v1.csv,f63729ec7d5e88090b059d751499982226cd1aabcde6f5f85e83c92c5b12765a
SCI_ULTRA_2026_v1 (1).csv,SCI_ULTRA_2026_v1.csv,32c6a4d232450654f75b623297d4fdb08ee725f0bf784a20d0d720983d8c23dd
SENSITIVITY_ANALYSIS.md,SENSITIVITY_ANALYSIS.md,63d5dd47236cc7b151b440cbbc116b23db43a62c5e4bba225feac4c6ece5fa97
shap_values.csv,shap_values.csv,d81a5f9f18be2fec2e1884cf7fc8841bfd95ae94a5e3d3b7376c76c50be44915
system_metadata.json,system_metadata.json,ec9679e70166d43ae07f5cff0e053a2cc655b73f8704a8d22242ad90b5f1ec07
validation_analysis.md,validation_analysis.md,78cd74e750bab1a4b785d01b460046854f19f589c4597c640051df7bbbae8d2f
validation_report (1).json,validation_report.json,b0a871f1bc869dc7549c2b46816fa89be3921d538d72f6097e31bff02baf191a
validation_results.csv,validation_results.csv,b556f51290a67de6811c2ac02366590ac3280a2eef88ed0f6bd168ab1cbd820c
VALIDATION.md,VALIDATION.md,9325f3eeca5191c27e4ad9a8b7ec42b0490d8b97de5ebab6980e6d372b0a4a11
variance_report (1).json,variance_report.json,2f6813704e022e74fdb44d7ad23bc2b70c1b7a3c4131217629cffde29852aaad
WEIGHT_ROBUSTNESS.md,WEIGHT_ROBUSTNESS.md,ffc42d312f7d8f292dc10b27d7290cbc2f99a0c800926ef241887ce75e9e1d7f
