country,year,oecd_ai,oxford_ai,AI_INDEX,AI_PCA,AI_BAYES,sigma,epsilon,FINAL_AI,RANK,HASH
United States of America,2026,1.0,1.0,1.0,1.0,0.693186134461844,0.05450681683960417,0.06540818020752501,0.6277779542543189,1,7810e75c852c105207241eaed95daa10ffd0e53799f4de1db5925833738b686b
France,2026,0.9557371682459136,0.9390624663551604,0.947399817300537,0.9484178834736412,0.6673950761986644,0.04797976707371986,0.057575720488463836,0.6098193557102006,2,098adb5540ee93dafaa300f57e72b3f5b1be0f03d865afc2d55f6140b6eb5b29
"United Kingdom of Great
Britain and Northern Ireland",2026,0.9355828289047364,0.9125126504597232,0.9240477396822298,0.9255113649136899,0.6559418169186888,0.04908968482527684,0.05890762179033221,0.5970341951283566,3,97d0ec469ac93d2e7ece3acdb37a9b437f24fbbf24b65c4fb8ee8c7c2dee8a25
Republic of Korea,2026,0.9299811424665304,0.9067203548588532,0.9183507486626918,0.9199143494467986,0.6531433091852432,0.0468271386271461,0.05619256635257532,0.5969507428326679,4,6443825ccf9d58b86393cbcfb5e01ae2538a85c6571e842c57e83dfec32105f2
Netherlands,2026,0.9214648776987578,0.898968583794492,0.9102167307466248,0.9119164715737678,0.6491443702487278,0.046774757538761425,0.05612970904651371,0.5930146612022141,5,3a3caf7374824b54e3e904da632a98d1066f8790497f513fd75f16b56ed89c8b
Singapore,2026,0.9042673194469224,0.8810318468594561,0.8926495831531893,0.8946585713552315,0.6405154201394596,0.042182035506829606,0.05061844260819553,0.5898969775312641,6,45009a5d2071ba9eb14ee55851e0c0e8036b302fd1faa947a96438b81429c4aa
Australia,2026,0.9172218414278416,0.8951142309597124,0.906168036193777,0.9079354885533241,0.6471538787385059,0.04848609991994394,0.058183319903932725,0.5889705588345732,7,7adf57adb0189a89f97179139347ae1b595de556eae329126d3858027bad4f56
Denmark,2026,0.9245908016099024,0.9012295170215971,0.9129101593157498,0.9145687168049101,0.650470492864299,0.05457771811575614,0.06549326173890736,0.5849772311253917,8,b4618d51bcc12e4a110ad1bd61051764261a930ba1aad391bf1cb81c6abae4ae
Spain,2026,0.8962945147460656,0.874055252901531,0.8851748838237983,0.8873071064607794,0.6368396876922335,0.043572730583432986,0.05228727670011958,0.584552410992114,9,b292ad1d5e59933dc0427b5d53b2b3322ae70f8ff93734d100cdd959c700aa56
Norway,2026,0.901367837230326,0.879093904093366,0.890230870661846,0.8922756648651635,0.6393239668944257,0.04945602789805729,0.059347233477668744,0.5799767334167569,10,c054266c2c9032e0a40ca77e038a542957da4857acd0e9bcaed7f026ed7f8bd9
Germany,2026,0.9067441105003616,0.8823668740983184,0.89455549229934,0.8965387121952931,0.6414554905594905,0.05506768267271244,0.06608121920725493,0.5753742713522355,11,7db6406b896bab7ee209d7300f1aec9f1523e46fdd9cc355dc18c4e4efb5a0a6
China,2026,0.8878698551824906,0.8642363428866735,0.8760530990345821,0.8783523346884916,0.6323623018060898,0.04759730422713159,0.057116765072557904,0.5752455367335318,12,6703fb2497471483b8f6d41a2c2ed699a51e371a1ce555f4ff617d16e0a7324c
Canada,2026,0.8770298175437337,0.8509722012876554,0.8640010094156945,0.8665246163447416,0.6264484426342147,0.04672970701504175,0.05607564841805009,0.5703727942161646,13,567196c07d5f368f982eb0f8ab63e8fa8a9d034eea6f09bd95ed82c8bff80e0d
Estonia,2026,0.8655859353861813,0.836846751792597,0.8512163435893891,0.8539786613581261,0.6201754651409069,0.04583832818502039,0.05500599382202447,0.5651694713188825,14,04356e076f5d972ea345cc51c0ee3ac06de2808d9fd9cb077c00d82cf8984024
Poland,2026,0.8522842028069547,0.8222691156521178,0.8372766592295362,0.8402887580903857,0.6133305135070368,0.04115546150823628,0.04938655380988353,0.5639439596971533,15,8357bc4efe5ee66f0ba419ac968b9df0dd97675b01080085c650b228b3212eeb
Saudi Arabia,2026,0.8615089563579337,0.8332292586292285,0.8473691074935811,0.8501951934144703,0.618283731169079,0.045283899932091115,0.054340679918509334,0.5639430512505696,16,25bd485935361bd883fa4248cf50dfad8db43737114e6a6c2ee4774f7a7ad5d8
Austria,2026,0.8297858518499326,0.8011670721991345,0.8154764620245336,0.8188575901220774,0.6026149295228826,0.0392588693353179,0.04711064320238148,0.5555042863205012,17,3d9c99f685350ff6491fc283d2130c825ac730c9c63d72570834a0f4795da59d
Sweden,2026,0.8211488181784009,0.7932430395555652,0.807195928866983,0.8107160649204734,0.5985441669220806,0.037829975611713765,0.04539597073405652,0.553148196188024,18,318675f1463265dc0d48f494660cf8a6eea24ecdebf4ee302ac1aaddf4befde5
Israel,2026,0.8479203976322791,0.8182425012381301,0.8330814494352046,0.8361641277413686,0.6112681983325282,0.04843591681610704,0.058123100179328445,0.5531450981531998,19,5f43beb13a290819930e0cadd1dec094a4076fa34ff6f59f0a9cd3c91f8cc829
Japan,2026,0.8433291222366771,0.8160892314980297,0.8297091768673535,0.8328347880469639,0.6096035284853258,0.04745513663077199,0.056946163956926386,0.5526573645283994,20,71cc39e2277ea1b0db14ed258805d4cffa868b5fc8d796be7c4191d3af42f265
Brazil,2026,0.8452322609972611,0.8166060162356539,0.8309191386164575,0.8340326040763038,0.6102024364999958,0.048945297932745296,0.05873435751929435,0.5514680789807015,21,e0e50fac1aaebf03e91f5eb61892cb3ee1483e6045136f2ef3102ec74f5eaeec
Finland,2026,0.8272939646835228,0.799810512262871,0.8135522384731969,0.8169594933659435,0.6016658811448157,0.04437958757417196,0.053255505089006346,0.5484103760558093,22,0e2e733bf3043086c704c84f55b2114987136589efd7bd08878ab1f27f99715f
Ireland,2026,0.8393578159992189,0.8126224672164682,0.8259901416078436,0.8291770115158097,0.6077746402197488,0.04947510591318955,0.05937012709582746,0.5484045131239214,23,9acea40c15e666e0f02ba3ea0113d8332e58811788ef1ec5f17289e2ffe4eac1
Italy,2026,0.8085425353221671,0.7774595723606297,0.7930010538413984,0.7967875043963415,0.5915798866600146,0.038020932316491944,0.04562511877979033,0.5459547678802242,24,0721160418ff9aa3c5003b2927545bda6f9b081c810dab604a5d7fa12b3b01a9
United Arab Emirates,2026,0.798396918880025,0.7651859348420577,0.7817914268610413,0.7857857581918868,0.5860790135577874,0.04367640556050482,0.05241168667260578,0.5336673268851816,25,6b3d0e3bfd95eaa5cab398a7569dcdc4a0f5d17face7b265441211b5fd532115
Lithuania,2026,0.7909826703590542,0.7590060506879698,0.774994360523512,0.7790986621920859,0.5827354655578869,0.04374155762297786,0.05248986914757343,0.5302455964103134,26,271350821c3a77470180a38e56d3e939c53362285c79474383f2207bdacbbb43
India,2026,0.796388107328652,0.7645184212226266,0.7804532642756392,0.7844622507500456,0.5854172598368668,0.04621911530246009,0.05546293836295211,0.5299543214739146,27,8dd52f1faaaa405ab84650484d042ddbf1a7508977a52f9a21351b67266e0668
Luxembourg,2026,0.7777101014793892,0.7466678150771948,0.762188958278292,0.7665093001521754,0.5764407845379316,0.03907212433493411,0.04688654920192093,0.5295542353360106,28,5af628834af6052d12d5ff4663dba23e71aa4ce50dac2de40be5ccb63a4a365d
Belgium,2026,0.7872679980420839,0.7559053422622252,0.7715866701521545,0.7757461362341495,0.5810592025789186,0.043605741388054294,0.05232688966566515,0.5287323129132535,29,b6c395767c3b3dd388409721da058589df44a23241f40efbbd23c28711d8b4cd
Taiwan,2026,0.7742067747439975,0.7438685644150644,0.7590376695795309,0.763408157019242,0.5748902129714649,0.03864375761606016,0.04637250913927219,0.5285177038321928,30,2f380c516520aaf16bfef1d59e6325d5aae02f84800b0b5b9e57d18cc2c6e461
Slovenia,2026,0.7549410490152872,0.722981847936091,0.7389614484756891,0.743690296298891,0.5650312826112894,0.0359585697958919,0.043150283755070275,0.5218809988562192,31,62af80e6b757513288efee0cd4a63992b8e1782137d61c7b8882b3f9fc72a488
Portugal,2026,0.7828890967544386,0.7518571951508367,0.7673731459526376,0.7716035499690611,0.5789879094463745,0.04870889636271329,0.058450675635255946,0.5205372338111185,32,abae9f8e564e7840843a3da733026fbabfa3d9b874e9eab15c85653252c0071f
Czechia,2026,0.7692391250505265,0.7389806421050367,0.7541098835777815,0.7585652900273597,0.5724687794755238,0.0438690525520253,0.05264286306243036,0.5198259164130934,33,7ad1599a5cc3618591db438774d544a99b059a697d5b1ba1d262fbc1a1994c6e
Hungary,2026,0.7532794480622215,0.7228095863568831,0.7380445172095522,0.7427797749266973,0.5645760219251925,0.03823194744778659,0.0458783369373439,0.5186976849878486,34,629636d7bce03fca1d3e5ea20a72ab794de5b3eec07675d68d100155ffb7c18f
Serbia,2026,0.7489609312264557,0.7188475700350984,0.733904250630777,0.7387090123258954,0.5625406406247916,0.040392637419604034,0.04847116490352484,0.5140694757212667,35,a8535ec259d030a5c8a67c0250527b368caddd20a0eef29b572dfbf317727ea4
Malta,2026,0.743555494256858,0.7133351995004414,0.7284453468786497,0.7333454237679353,0.5598588463458116,0.038464202985847684,0.04615704358301722,0.5137018027627944,36,d11e65436e0dcdab4570c504f01e035ab062f193f58a45137c46afaa157ec436
New Zealand,2026,0.7589576435916553,0.7265132103098556,0.7427354269507555,0.7474019405782601,0.566887104750974,0.04462216059010171,0.05354659270812205,0.513340512042852,37,12b1f95a3aa3b4b572236a798b772c6230feeb39e3bee0e231e1603a44d61e1a
Philippines,2026,0.7324265734189169,0.704054606920609,0.7182405901697629,0.723305801810198,0.5548390353669429,0.03652562013888483,0.04383074416666179,0.5110082912002811,38,b45e34ff6ef0b5053324a960d8e7734e5655ac037b1821583c9524ea68bee378
Thailand,2026,0.7369413397232913,0.7082965483086068,0.7226189440159491,0.7276099913199312,0.5569911301218096,0.03851315713641974,0.04621578856370369,0.5107753415581059,39,02ac2e93708cd26f82b740857718eee41c71a266c5553775c00371ce609eb531
Egypt,2026,0.7194096099333618,0.6942787623005534,0.7068441861169577,0.7120863197391922,0.5492292943314401,0.03373387502618587,0.040480650031423045,0.508748644300017,40,b56e32161ed0ac5b88fdc128d9ace956e2d1238732f17c4529e893c1640aa83d
Switzerland,2026,0.7411088954293581,0.7120432376563812,0.7265760665428697,0.7315011947600167,0.5589367318418523,0.04263423921838153,0.05116108706205784,0.5077756447797945,41,1c5264ce8c899377c0a88e0dc7d7c4e99b2f06c0c1e7f123d11f0eaf9b19bfe8
Iceland,2026,0.7250867769364174,0.7001787213884285,0.7126327491624229,0.7177731147864418,0.5520726918550648,0.03887874922869312,0.04665449907443174,0.505418192780633,42,442c65f27257cfacadf39c0933398347096656ebb2743639edffc59bd39f6cda
Greece,2026,0.7270955884877905,0.7008462350078594,0.713970911747825,0.7190966222282829,0.5527344455759853,0.03973762931660629,0.04768515517992755,0.5050492903960577,43,7702864c5393cd00fb11106e1c0087f858c08fae5544c3587d62f9a858a28a68
Ukraine,2026,0.729451610637471,0.7020090006675136,0.7157303056524923,0.7208331157397718,0.5536026923317299,0.042044540579612245,0.05045344869553469,0.5031492436361952,44,28ad2101994d0f5cbad3820938a8377decc72fc2d253c5c356a280712113871b
Chile,2026,0.7014562175066537,0.6774617256303698,0.6894589715685118,0.6949952531127604,0.5406837610182241,0.031633623758492886,0.03796034851019146,0.5027234125080327,45,a909f6b86a6e8cc08e44e9a918567603a35555dfee22e1647cc94d18c4c1af26
Cyprus,2026,0.7038575279952438,0.6786890893822269,0.6912733086887354,0.6967856143724642,0.5415789416480761,0.03518732951743613,0.042224795420923354,0.49935414622715274,46,45add9c25271b8b35a67b3204359dbfb8aef448d049d7a4feb6de9877d5a0162
Malaysia,2026,0.7070740285842079,0.6810792187937383,0.694076623688973,0.6995455951000366,0.5429589320118622,0.03742290369182809,0.044907484430193705,0.49805144758166847,47,f4e17083481686fc39724d6d82ad08d707f5692dc52cbc2ec755893d5e10ad59
Türkiye,2026,0.6835330173058852,0.6606877543549879,0.6721103858304366,0.677940098318472,0.53215618362108,0.02966677417347057,0.035600129008164685,0.4965560546129153,48,711e485d5463590b2664c29a95e4f516afb5ff34bd6368dd63736e952cc73755
Indonesia,2026,0.6974547190432555,0.6739518959540062,0.6857033074986308,0.6913015647494629,0.5388369168365754,0.03616152790411663,0.04339383348493995,0.49544308335163545,49,81150a24a1f3a3ec18fe6a7f14a73a768c9df84841f102d511fec13e769f755f
Argentina,2026,0.7133852323319988,0.6878835511724555,0.7006343917522271,0.7059865386222952,0.5461794037729915,0.04381475299057695,0.05257770358869234,0.4936017001842991,50,3a110f130ab98d327c39e63276acc4324da06f5656ccaaa95a950dffac147fdb
Peru,2026,0.6813279562859037,0.659740315669344,0.6705341359776238,0.6763831639676997,0.5313777164456938,0.03176718947679991,0.0381206273721599,0.4932570890735339,51,29326cef3c1b48a4f84f572ce2ca3dbaf71e4fff176e53f4d4d799ff4bbf0ce0
Romania,2026,0.6732354112076663,0.6503951249973086,0.6618152681024874,0.6678234223489881,0.527097845636338,0.03247599727844092,0.038971196734129104,0.4881266489022089,52,0078518c809c495c759d4dd14733ce8783bbddd451e26c45333dc203e0270c30
Latvia,2026,0.6950986968935751,0.6727891302943521,0.6839439135939636,0.6895650712379741,0.5379686700808309,0.04319621907040367,0.0518354628844844,0.48613320719634656,53,36bb924018fe157b5f7b0e599b542d4e509701a4021adb2f1ee028649edd545e
Uruguay,2026,0.6862513461668432,0.6623673047522665,0.6743093254595549,0.6801075338156806,0.5332399013696842,0.03959704246766144,0.04751645096119373,0.4857234504084905,54,5e7e07c9bb915c5ba31553159ef7481428c3ce95f2cd8719739b13f99119700b
Russian Federation,2026,0.6712416957692628,0.6497491440752783,0.6604954199222706,0.6665178708232182,0.5264450698734531,0.03474611083499544,0.041695333001994524,0.48474973687145856,55,dd33da93604f211766fba76b78b11c832aae36384f22523caa92edcfd6ae4b3a
Jordan,2026,0.661833731809889,0.6429232789991602,0.6523785054045246,0.6585252232976476,0.5224487461106677,0.033368788366792856,0.04004254604015143,0.48240620007051627,56,5894ec330a6ee63d99f0c5995a10f0ff15af0410be9157a990cb94ac7a1c30dd
Bulgaria,2026,0.6514887803200039,0.6369587218190824,0.6442237510695432,0.650483938371322,0.5184281036475049,0.03013080394917296,0.03615696473900755,0.4822711389084974,57,8eb24033016ae644b74899f3f14ab62a5a704764b78cacd23804a75cffc46635
Viet Nam,2026,0.6682818291007868,0.6477250705195838,0.6580034498101853,0.6640631406688637,0.5252177047962758,0.03711177634327963,0.044534131611935555,0.4806835731843403,58,8ada503c302451acd9cce718a74526deda1311e1a8bb8705854e415eb9906a6e
Kazakhstan,2026,0.6497215065761489,0.6366357313580674,0.6431786189671082,0.649447725586627,0.5179099972551574,0.03121936936703122,0.03746324324043746,0.4804467540147199,59,75f27713ed988eb7cbc396d44298e1b053f59be44abb69a902ea9669762a9e3f
Qatar,2026,0.6664088825661427,0.6472513511767619,0.6568301168714523,0.6629012364716674,0.5246367526976776,0.03791573016792338,0.045498876201508054,0.47913787649616957,60,603351b9a165f53bc046e5e450227b841c4f018c07b70cf4e0c22c3dc2d5da47
Colombia,2026,0.6533315346287081,0.6373893757671023,0.6453604551979052,0.6516099307363751,0.5189910998300314,0.03701873899975847,0.04442248679971016,0.4745686130303213,61,792beaf685c40b94ca1ef64ceb7776aef4c0209f31bb0e2bce28f06b52282c5e
Uzbekistan,2026,0.6415987692719716,0.6272474752912298,0.6344231222816007,0.6408520721357719,0.5136121705297299,0.03294339609564363,0.039532075314772354,0.4740800952149575,62,9278aa9570adb9cc11b2ae39e290354264ce8c1b42c2f8610fb9140399e3dda9
Bahrain,2026,0.6553403461800812,0.6380568893865334,0.6466986177833073,0.6529334381782163,0.519652853550952,0.03910532504815578,0.04692639005778693,0.4727264634931651,63,8cbbf85cc9e10f3737e29f5fb0e6045a89f20c11931f778748bb0f5ad43a7081
Oman,2026,0.660066458066034,0.6426002885381453,0.6513333733020896,0.6574890105129526,0.5219306397183202,0.04157058759454948,0.049884705113459375,0.47204593460486083,64,1c4e53fe1c662d5dd0cf27c4e4a470d87eb1d5941ecad912d1901ab83af1df2e
Ecuador,2026,0.6295651101822155,0.6144785857324347,0.6220218479573252,0.6286704658180493,0.5075213673708685,0.03269466847123071,0.039233602165476854,0.46828776520539167,65,1631d2251b9863235b6006e661000a9ed43439d548f4547d07321fd4c96966ae
Republic of Moldova,2026,0.6045800146906746,0.5810383066686764,0.5928091606796755,0.6000180541151735,0.49319516151943066,0.025330099839150154,0.030396119806980183,0.46279904171245045,66,2015c50bb9a46212f8947f597f62e074c7556d5b5692624ab5dedb30cf65cad5
Kenya,2026,0.6312870955871608,0.6147369781012468,0.6230120368442038,0.6296528108545294,0.5080125398891087,0.042208262828361647,0.050649915394033976,0.4573626244950747,67,8dceff9365100b4966682d7c53b27b413c53c7c8ea7dca5ef2ef8f6b15be9f05
Nigeria,2026,0.5951428870317388,0.5719730410628538,0.5835579640472963,0.5909248653617726,0.4886485671427302,0.026795733983909924,0.03215488078069191,0.4564936863620383,68,58fb9327308c2a6e17a2e3fe56a1384c0d156ef4102ce92bd4ad6321ba7213d5
Mauritius,2026,0.5971818908090518,0.5726836200770871,0.5849327554430694,0.5922842846357571,0.48932827677972246,0.033602669008409664,0.04032320281009159,0.44900507396963085,69,7ebe20f610faf28af157b2c3244bccff592e393a8f0dcf56e771d63b42476da4
Rwanda,2026,0.58748710070325,0.56544863375035,0.5764678672268,0.5839504747048253,0.48516137181425656,0.030451067218517862,0.03654128066222143,0.4486200911520351,70,ea425c06fcc3419d4a4d43ee383532f4534481f25d61191cc02c35495a9035c8
Azerbaijan,2026,0.5891487016563157,0.5656208953295581,0.5773847984929369,0.5848609960770187,0.48561663250035325,0.03303645695296729,0.03964374834356074,0.4459728841567925,71,88d1ed9ffdbfffd834f320ffb39bd8997ee58f257971328839df749f17c2e700
South Africa,2026,0.5835006983528217,0.5619603367713875,0.5727305175621046,0.5802747422575993,0.4833235055906436,0.033129826018028184,0.03975579122163382,0.44356771436900977,72,b40b20a076452726c18824b1e0c3a6de6d673f9185283586397ee55cdb76f6a7
Croatia,2026,0.5504371253696351,0.5213927348678971,0.535914930118766,0.5441451742477703,0.46525872158572906,0.026081932670485974,0.03129831920458317,0.4339604023811459,73,52a1484034fddc806ef79527b456d691392f21d409ea08be02b47a4241c2d795
Bangladesh,2026,0.564886162534573,0.5376068560108526,0.5512465092727128,0.5591997271369552,0.4727859980303215,0.033238840374579186,0.03988660844949502,0.43289938958082647,74,68fbf1eeb6f1dd055bdd45cd6eb02ecb9c3d6d1d56296a3bc47cebea32f14796
Costa Rica,2026,0.5488510049814187,0.521328136775694,0.5350895708785564,0.543324432455935,0.4648483506898114,0.030133143374970823,0.03615977204996498,0.42868857863984644,75,2fd305bb95b8de6c40b6ad61a3eb7cdbfc310d947d1331174bde4b1911308840
Iran (Islamic Republic of),2026,0.5554047750631059,0.5262806571779248,0.5408427161205154,0.5489880412396527,0.46768015508167027,0.03350980824881976,0.04021176989858371,0.42746838518308655,76,21efdfe0a6ebb5ca258e135724cb5149d4e81dd0b209af2b22c4173699c09a5e
Sri Lanka,2026,0.5243781488044758,0.4908163045584721,0.5075972266814739,0.5163471512951815,0.45135971010943465,0.024064780299927545,0.028877736359913052,0.4224819737495216,77,b449c061bab231163505b56e33e33b4c04f5ae3fa7bd68620b5504db15e36291
Ghana,2026,0.5336179984684248,0.5017979802329839,0.5177079893507044,0.526271542535338,0.4563219057295129,0.03242961304635298,0.03891553565562358,0.41740637007388937,78,3691f915b2527e0ae4aa539f65f4ecc1d4200b0b1c7e19cc8fe548e9d7f319f0
Mexico,2026,0.5160269127529938,0.4854977283004241,0.500762320526709,0.5096114178946255,0.44799184340915665,0.02728143884504577,0.03273772661405493,0.4152541167951017,79,776bb7da1ff41afe272cf21bb7aa87774a99a0dcaae667ebc818e60f836e7ea9
Pakistan,2026,0.5198784786130712,0.4865958958678753,0.5032371872404733,0.5120609177015198,0.44921659331260383,0.029603468658159063,0.03552416238979087,0.41369243092281294,80,1858ca72a6062315fafb2b911e8057967292fe5d82a5d1e720676205df1b2aa3
Slovakia,2026,0.5180055320784271,0.4861221765250533,0.5020638543017402,0.5108990135043234,0.4486356412140056,0.03052769716468253,0.03663323659761904,0.4120024046163866,81,426b14b7f85ed1c6af6cd0f04a9d8bf2b18d5e69ecf4f755e5bc2b4851801038
Zambia,2026,0.5077219935667998,0.478047414999677,0.4928847042832384,0.5018649228465977,0.44411859588514274,0.02927028139258142,0.035124337671097704,0.40899425821404506,82,15fe7925088a0f4a8e1af62539e52f606baee879c2a023350415bf938b5b4f93
Dominican Republic,2026,0.5119197414988065,0.4818371697422536,0.49687845562053,0.5057920381188264,0.44608215352125713,0.03210599793317883,0.03852719751981459,0.40755495600144254,83,44c2e1f602073dab7d57ffe0cf1ab759aa87610c762a942ad2b2cccd62a0534b
Jamaica,2026,0.4712154783001006,0.4347666932236601,0.4529910857618803,0.4627060353681215,0.42453915214590465,0.015321663802301478,0.018385996562761773,0.40615315558314286,84,169972d547ae07e7a1ab6273d67ff4ac153ef31e10c74ffd6b657f46aa064db2
Benin,2026,0.4916888930664016,0.4573760254947137,0.4745324592805576,0.4838603693742037,0.4351163191489458,0.027767577664193167,0.0333210931970318,0.40179522595191397,85,85e1d4a83e24bc355ec20cc1112e2660d751df830473729499a799fcbe8cb2c9
Ethiopia,2026,0.4768483854906247,0.4384057190844297,0.4576270522875272,0.4672743332714694,0.4268233010975786,0.024154915091683646,0.028985898110020374,0.3978374029875582,86,6e8c6a7bc350dcf596a00c4ea95d72ed68b5b5a778e37b0b8e52303097b77254
Algeria,2026,0.4678027282425281,0.4320966387459358,0.4499496834942319,0.45971262773161803,0.4230424483276529,0.023532382913371935,0.02823885949604632,0.3948035888316066,87,f6d0d6cafd0193e310129db5d6ca70377ac81832b0cfcc1c6148dfe4e1270abf
Kuwait,2026,0.4620490521482448,0.4282853513059581,0.4451672017271014,0.455000682499697,0.4206864757116924,0.02295993685140065,0.02755192422168078,0.3931345514900116,88,88b1ed0b11dbd19ac250e58d39702e7db1bc8adf2fc7daab9ae451ae7d95a1cd
Albania,2026,0.463906902569919,0.4287375379513792,0.4463222202606491,0.45614463078082185,0.4212584498522548,0.024649083821158525,0.029578900585390228,0.39167954926686455,89,6fb673bd48e93456928225ae4f4308ce5cc6de82609ab78f712c85dd9124255d
Senegal,2026,0.4563416929192493,0.4223423268232811,0.4393420098712652,0.44927797562030425,0.41782512227199603,0.023146541405993825,0.02777584968719259,0.39004927258480343,90,88aa2b5aa2853b5925ea3b8b8e3d2323a7285d829154080b9bc9c9e1583f00bb
Côte D'Ivoire,2026,0.4731337131736545,0.4353050106586853,0.4542193619161699,0.46392180731353305,0.42514703811861043,0.029565755559762718,0.03547890667171526,0.38966813144689516,91,21be90761b3b02666235078145af5d92b59b54c5b3c90ef0ee1a06bfb131a019
Nepal,2026,0.4355039143889146,0.4036088800844081,0.4195563972366614,0.42982195841987625,0.40809711367178203,0.015441164687608781,0.018529397625130537,0.38956771604665147,92,25cb8acfe4be9a83a13d3128c4ac2c537763c3191194bfb6ee207db0f2baab4e
Georgia,2026,0.4426917212153373,0.4094657737774811,0.4260787474964091,0.4362397156786031,0.41130599230114545,0.020505144510823206,0.024606173412987847,0.38669981888815763,93,12e6e13a90cd38713b4cdff841c015a7ce6b10d34b1fc9be2bf07b847bc01b7f
Morocco,2026,0.4511023131923206,0.4170668159600353,0.4340845645761779,0.4441119021391324,0.41524208553141007,0.024117444852242518,0.02894093382269102,0.38630115170871904,94,f4710ca8ee810c4ae2d9ccc229525459593b9f577fa877a54f28b58dbd0f1938
Mongolia,2026,0.4446552444278007,0.4100686893047093,0.427361966866255,0.43750935537222935,0.4119408121479586,0.02436735595077439,0.029240827140929265,0.3826999850070293,95,2f81966443138b59f819ac12d4f459b9161006df379e53e7106d48623368ef48
Tunisia,2026,0.430385303565745,0.3985056308003704,0.4144454671830577,0.4247995322672775,0.40558590059548266,0.020676724345439743,0.02481206921452769,0.380773831380955,96,6e01b85e58984caab3f7b2f3c5a7fd8bea65ec6d3c7eab45f0b4ab8d633af649
Andorra,2026,0.42861802982189,0.3981826403393553,0.4134003350806227,0.42376331948258256,0.4050677942031352,0.020420884389776288,0.024505061267731543,0.38056273293540366,97,db675dfc6bdc9b17ab229a326f1c6c12171d5b017237e969d2ccbb5d286dafce
United Republic of Tanzania,2026,0.4397167584338914,0.4074201675243858,0.4235684629791386,0.4337670296081769,0.41006964926593237,0.027166210785926258,0.03259945294311151,0.37747019632282086,98,40895ca43c23ee8fcbe032288b938fd93fc67c0f97af8d84493c61850cd9ba20
Brunei Darussalam,2026,0.4260053737517214,0.396653818823884,0.4113295962878027,0.42172157539787564,0.40404692216078175,0.024670473083160963,0.029604567699793152,0.3744423544609886,99,31f4565c59e156fb61993a6dbddfc1b77d53ffb744b20ecfbfcba40253033f5d
El Salvador,2026,0.4141075796786942,0.3840787235416981,0.3990931516101961,0.4097015723247978,0.3980369206242428,0.022527254937867926,0.02703270592544151,0.3710042146988013,100,1fb6c5ff1a151f6697d99d72f430f2fbcf263a15747260f16694338b23a068d2
Montenegro,2026,0.4234380060204625,0.3951895954006159,0.4093138007105392,0.4197336990613839,0.40305298399253586,0.02796845066617215,0.03356214079940658,0.3694908431931293,101,ed37fc7e51f1880499f0939e118805a19c5c4da2527c7c68a73604049d430e9f
Liechtenstein,2026,0.4117968458679234,0.3829805559742469,0.3973887009210851,0.40801894656152377,0.39719560774260576,0.024428027908426263,0.029313633490111513,0.36788197425249425,102,3300304a3605b2a8b4168982f5231003f3acabb21c502be8f8b5e9876fb83b4e
Armenia,2026,0.4008048185730895,0.3716974225361212,0.3862511205546053,0.3970762984527442,0.391724283688216,0.022607622257229787,0.027129146708675743,0.36459513697954027,103,4adf32b66bab056ad9310e0864a6b10de669179951a002c31bfd375b0b82bddb
Fiji,2026,0.374592823825475,0.3452983355224909,0.3599455796739829,0.3712279751308127,0.3788001220272502,0.013071308636281392,0.01568557036353767,0.36311455166371254,104,05926a0f06a46ab914cc132706686e883cd14f2d4423c6a6a7dda64df5bbeccb
Bhutan,2026,0.4029193029152518,0.3725156650373592,0.3877174839763055,0.3985254973070868,0.3924488831153873,0.025069808495847463,0.030083770195016953,0.3623651129203703,105,581d9dd16ab0b9bb9e83604c78d64810f91ad4c09dbf86e6364c39c07908b778
Namibia,2026,0.3857660044759476,0.3568398613294287,0.3713029329026881,0.38238609423245196,0.3843791815780699,0.018735826536863374,0.022482991844236046,0.36189618973383386,106,3905e20fd0fad2d8f32bf600b427497b254e91aba98e37ee0b87e63aafece1be
North Macedonia,2026,0.39429736535669,0.3646131650911909,0.3794552652239404,0.3904019280215545,0.38838709847262115,0.02380706082143844,0.028568472985726127,0.359818625486895,107,44860a66447787a34de0221faeb8cdb9a82b7e0109c43fd6bf572063c6d025f0
Panama,2026,0.392273457692347,0.3639241187743589,0.3780987882333529,0.3890604646636416,0.3877163667936647,0.023507764020983025,0.028209316825179628,0.3595070499684851,108,dc6d7dd961e7bf9e21eeb46924af93def9828594153660a7a50f8b06b5728816
Botswana,2026,0.36884017625757,0.3392907129476109,0.3540654446025904,0.36545140050320496,0.37591183471344636,0.0165448833072827,0.01985385996873924,0.35605797474470713,109,5b0da924290b20ce6aee9dc82e9a853d688b342cb1bc2f65859bb94226ad8317
Monaco,2026,0.3780659583349272,0.3480545207898193,0.3630602395623732,0.37429320643160285,0.3803327376776453,0.0237142096751006,0.02845705161012072,0.35187568606752456,110,12dd037f54eeea7a8b996f48fd5e3bd013a85caf80c595d77eea79ef1848050f
Paraguay,2026,0.3646273322125934,0.3354794255076333,0.3500533788601133,0.3615063293149045,0.37393929911929613,0.018591054094597832,0.0223092649135174,0.3516300342057787,111,9c81ed6c24cb6be7c806f5a9a763d40d99615bcce727b3bc2738217658b47afe
Uganda,2026,0.3624826556444914,0.3346181176115932,0.3485503866280423,0.36002121862841857,0.37319674377605316,0.023217360763118457,0.027860832915742147,0.345335910860311,112,3d0aa2418902a00946ee801b4166a05a916d90fb8607677b9879d9b59cd05ac9
Bosnia and Herzegovina,2026,0.3489987411832479,0.3219784242372042,0.3354885827102261,0.3471804737635053,0.36677637134359653,0.019768711128874863,0.023722453354649835,0.3430539179889467,113,036eaa3b973b0044c0a3789fc238435ec38d0c8ce01e972383abc8dcd9f20840
San Marino,2026,0.3524265873537904,0.3246700114123296,0.3385482993830599,0.35019183731608056,0.36828205311988416,0.021524181269508235,0.02582901752340988,0.3424530355964743,114,defc656139f1919862f93365caafc9d5554acad60ff323fb05747641b8053142
Cameroon,2026,0.3575451981769602,0.3297732606963675,0.3436592294366638,0.3552142634686794,0.3707932661961836,0.025863729193827477,0.03103647503259297,0.3397567911635906,115,7b41bc1ff887befa7879536db1762eca7c9f44f4882930ebf97354bba36b472a
Cambodia,2026,0.3394116809209916,0.3105014965224694,0.3249565887217305,0.3368430964537013,0.3616076826886946,0.020210355374192343,0.02425242644903081,0.3373552562396638,116,1aada2e64b0e902e5e01542a9cfef85bf03fd7b33ce4fe6fc03a7958344f2314
State of Palestine,2026,0.3331004771732007,0.3036971641437523,0.3183988206584764,0.330402152931443,0.3583872109275654,0.019850345989417675,0.02382041518730121,0.3345667957402642,117,a7bc602f989c2a84bc992132999425fde457f285352e95e3925b8069e6f65553
Cabo Verde,2026,0.3269995904806101,0.2993906246635517,0.3131951075720809,0.32527722162987444,0.3558247452767811,0.01812135225238669,0.02174562270286403,0.3340791225739171,118,d14bd8fb23817cbd17188dbf93c061eb3b8f3580b6f2748743708a153a650774
Togo,2026,0.3070535111418769,0.2797312719364355,0.2933923915391562,0.30581597408198635,0.3460941215028371,0.010317922016302375,0.012381506419562848,0.3337126150832742,119,5a9023ca850b7caff366da056e7657a36eb42485d24a14639b150d2af8380a39
Lebanon,2026,0.328766864224465,0.2997136151245667,0.3142402396745158,0.32631343441456934,0.3563428516691286,0.01901802666672396,0.022821632000068752,0.33352121966905984,120,48e9b3a4b8680eead2ed3a6109be7d1fd9e966358a6ac9ec36608214d2a35994
Trinidad and Tobago,2026,0.3206883867328192,0.2925862922848345,0.3066373395088269,0.318836278107616,0.35260427351565193,0.01814397056426227,0.021772764677114725,0.3308315088385372,121,b1f1ba7f30e0f7bad3b5a92ad28ff9956a0d5535c06305bcfd9cb3162cef2c55
Burkina Faso,2026,0.3011348063313031,0.2734867896901445,0.2873107980107238,0.29984188437759063,0.3431070766506392,0.012329203080825794,0.014795043696990952,0.32831203295364825,122,eb0c41143399aadfad8cab8a0cfff8936ac473bcaa8cd6bdd36505dea21f3f61
Tajikistan,2026,0.3179096734199819,0.2908206110979522,0.304365142258967,0.31659701894612124,0.35148464393490453,0.02087645564402679,0.025051746772832145,0.32643289716207236,123,6e56fc572e00590633ec639f9b4d1437735c123031487814c83e94a733889829
Kyrgyzstan,2026,0.3134100032285773,0.2866002024073555,0.3000051028179664,0.31231078535245954,0.34934152713807365,0.020889513463370358,0.02506741615604443,0.32427411098202924,124,732f7fee1daa5a992c35e3f2f157543bfaac98a2dbbce0260e0151435d4175ec
Belarus,2026,0.2958350421524946,0.2681251480372946,0.2819800950948946,0.2946039872321321,0.34048812807790996,0.017071385388613407,0.020485662466336086,0.32000246561157386,125,6d506418b80986f7ef8a184a231fea5800c823129dcfe20e655555324299dc66
Guatemala,2026,0.2747104374757321,0.2489825800478026,0.2618465087617673,0.274806807626343,0.3305895382750154,0.012692361852480008,0.015230834222976008,0.3153587040520394,126,92fde8fe34607fdbc7877b792d12c2abdeab7aa2161a70c48626d72fa88de818
Cuba,2026,0.291637294220488,0.2643353932947181,0.277986343757603,0.2906768719599033,0.33852457044179557,0.020007984831338175,0.02400958179760581,0.31451498864418975,127,842454891533b87dc257e73025cf3710b31d3c27823ef8a039d60d77bb062699
Lesotho,2026,0.2866243561881074,0.2593828728924873,0.2730036145402973,0.28578013721980594,0.3360762030717469,0.017993022852406365,0.021591627422887637,0.3144845756488593,128,c02f962dcb125cf21aec16836847d300f3b19f6d0360ad2075001440e6339de0
Zimbabwe,2026,0.271886435823985,0.2471523007687172,0.2595193682963511,0.27251368071663323,0.3294429748201605,0.012792641097353244,0.015351169316823891,0.3140918055033366,129,ad7cc0a858cc1cd2f4415188076746f95332646f59d0959eaaa10901dccd4ff4
Libya,2026,0.2700587776282506,0.2467431795180982,0.2584009785731744,0.27140564426765174,0.32888895659566975,0.013130504112857249,0.015756604935428697,0.31313235166024106,130,fa1535531568fdc3513e7c65b703b7abfd1973e68a246fec764fe1d5d8283a30
"Lao People's Democratic
Republic",2026,0.2785005903575518,0.2521909519605521,0.2653457711590519,0.27824911316463763,0.3323106910441627,0.016851696999390885,0.02022203639926906,0.31208865464489366,131,fa07df7941c1d87778a4529a6029b71cf781db37743de8aa147204244d35e5f1
Iraq,2026,0.2683367922233053,0.2464847871492862,0.2574107896862957,0.2704232992311717,0.32839778407742976,0.013776593557208543,0.01653191226865025,0.3118658718087795,132,89da6bb6abeed515fd6f8793c3747505a0fadee993b74f9548ff783a822a651e
Bahamas,2026,0.2845249679589149,0.2585861630886502,0.2715555655237825,0.28434889428153487,0.33536058160261134,0.022005912799368057,0.026407095359241666,0.30895348624336966,133,5dca6c7d10a0f8d67019695312b260382e9d856179256a443e45d92a91226b49
Vanuatu,2026,0.2553067896775368,0.232294739562025,0.2438007646197809,0.2570566024527209,0.32171443568820435,0.012285695163888444,0.014742834196666131,0.30697160149153824,134,b23517eab0456971a645e9b4672e36e6c05cde5a71cd5794a7533b80ad778112
Papua New Guinea,2026,0.2507608026208443,0.2302060679141275,0.2404834352674859,0.25378113050653095,0.3200766997151094,0.011675694112030609,0.01401083293443673,0.30606586678067266,135,d455f78b2d4aa8d9f92c39973ef2bb59d9612755af3448ce7c9b541065fd75be
Mauritania,2026,0.2629011630277679,0.2409293512198273,0.2519152571237976,0.26502379884106847,0.32569803388237817,0.016952469872011502,0.020342963846413802,0.30535507003596435,136,c5337d195772039de1a5cd03b76ff285750dd66d4e9578625559f1da27fb9a62
Eswatini,2026,0.2529205753019165,0.2310889085075688,0.2420047419047426,0.2552841971090887,0.32082823301638824,0.013443731347567552,0.016132477617081063,0.30469575539930716,137,3a23fc046fba883b446e5cad22fab05721d5d8cb9316833c04561ae313df1c89
Gabon,2026,0.2466385352536871,0.226523976658556,0.2365812559561215,0.2499437948146603,0.3181580318691741,0.016085060581570318,0.019302072697884382,0.2988559591712897,138,57679ada94db15789bcba9c5c37e428c2de755b431e5a8cb1d4cc54179c2d7be
Bolivia (Plurinational State of),2026,0.2353898740383651,0.2148747873646131,0.225132330701489,0.23869589613266282,0.3125340825281753,0.013098217942449066,0.01571786153093888,0.2968162209972364,139,56f9919bf3584eecd6aae1650b1d8b01dd5c0c0fa2841daae9b8b79a00102469
Angola,2026,0.2381987795771422,0.2166835339462974,0.2274411567617198,0.24097106712630087,0.31367166802499435,0.014207442016751462,0.017048930420101752,0.2966227376048926,140,fb1f72330b71d23483896b52df81b97ff6513fe32fa5e6d1771c5d7acdf5dbec
"Democratic Republic of the
Congo",2026,0.229908956503918,0.2092547533429513,0.2195818549234346,0.23324252799434464,0.3098073984590162,0.013666048077076642,0.01639925769249197,0.2934081407665243,141,4d5e6d27d7ace1af4960ebfea78d146972f1847eb757f03abc31a31993374924
Seychelles,2026,0.2238090983377055,0.2027518787278482,0.2132804885327768,0.2270529672970892,0.3067126181103885,0.012363580362134738,0.014836296434561684,0.29187632167582683,142,bd80a9cc956fee63231a37ee497e7049a559cd7149ba6e7c59cee98724610dd2
Guyana,2026,0.2185848147237465,0.1974979005620034,0.2080413576428749,0.22190484973198896,0.3041385593278384,0.015113726788584966,0.018136472146301957,0.2860020871815364,143,086d887dceac218549e90c2820dd1fec1b4234e08873f3447f23c15f47cd592e
Maldives,2026,0.2080738059911926,0.1912964837105144,0.1996851448508534,0.21366604972887526,0.30001915932628154,0.011729056605458001,0.0140748679265496,0.28594429139973193,144,b9c92404c9990bdc72b2472e89090845ba6b905ff5a8d6195264e95ed439f3b5
Saint Lucia,2026,0.2106562698354214,0.1927822398311836,0.2017192548333025,0.21567188198143875,0.30102207545256326,0.012572535386484385,0.015087042463781262,0.285935032988782,145,ebfd90c70aa32f375f9296b6032643cdc09ba2260a5ff7bb927c402e8024ce68
Antigua and Barbuda,2026,0.2141445004578435,0.1955599577959131,0.2048522291268782,0.21875506919830068,0.30256366906099424,0.014044274637068033,0.01685312956448164,0.2857105394965126,146,fa608427b8b1b17b24ca4f75d870a08b2faeaa5816fbefa7effbd20b3007b21c
Malawi,2026,0.2050535548708371,0.1891862793652161,0.1971199171180266,0.21113949591023431,0.29875588241696105,0.011778711653464252,0.014134453984157101,0.28462142843280397,147,764bc536bee0b0d649547319ac6e7fd995a9ed4d6d1ca8f3db8c5fce696ed87e
"Venezuela, Bolivarian
Republic of",2026,0.2168779254317711,0.1972610408905923,0.2070694831611816,0.22094046061158043,0.30365636476763413,0.016407301969521462,0.019688762363425753,0.2839676024042084,148,a321c96aabb45e3abf85151710c612f043d8ee6cb5139455834e5f7c8dc0c757
Gambia (Republic of The),2026,0.1965534147424126,0.1792597058633535,0.187906560302883,0.20209494455758828,0.29423360674063803,0.012376633020170717,0.01485195962420486,0.27938164711643315,149,19e5c9af0ae8b7a12bafa1cebe022e53b3938530b2768b59b7bd5247ea043100
Djibouti,2026,0.1753090696882692,0.1577485411597511,0.1665288054240101,0.18108948822753937,0.2837308785756136,0.009329828196841342,0.01119579383620961,0.27253508473940397,150,49f2bfd2d5f3d0cdf87270b75cb47c07654af0bfc6809dff2aed97b9d44db3c9
Barbados,2026,0.1823167516854311,0.1611507073491096,0.1717337295172703,0.18622714509771945,0.2862997070107036,0.013651706212905049,0.01638204745548606,0.26991765955521757,151,28c66df8a7f81a3adc0ca4f4caa9d9e51c85014db45f2a26de77aca4aaf9ea65
Mozambique,2026,0.1801267867784194,0.1602248013608664,0.1701757940696429,0.18468816666301857,0.2855302177933532,0.013556817835728614,0.016268181402874334,0.26926203639047885,152,4186e18a6a830cbd8e998b57738d38d397a576a3e93039078a8eb7671bc4c732
Nicaragua,2026,0.1606908897015279,0.1478865657500916,0.1542887277258097,0.1690313084486267,0.27770178868615725,0.00764388066038658,0.009172656792463896,0.2685291318936934,153,359f64b6069112bf0c5a80400b752da44ed285bf44a891a40cfac797e9ffe589
Kiribati,2026,0.1686647229287626,0.1526668245731142,0.1606657737509384,0.17531814394739167,0.28084520643553973,0.010837961820876157,0.013005554185051388,0.26783965225048834,154,a0a3b866946ce84ffbeb429fb1936b830a31d7d60f164c8eca81dd683045875b
Belize,2026,0.1660973551975037,0.151202601149846,0.1586499781736748,0.17333026761089984,0.27985126826729384,0.010468838232279338,0.012562605878735205,0.26728866238855864,155,6dfe17c5906bb5db9d46bf3d34593f2831c15e9451ac927724f5c63492eb7415
Palau,2026,0.1644810425833476,0.151094937662841,0.1577879901230943,0.1724736139869212,0.2794229414553045,0.010952430122018098,0.013142916146421718,0.2662800253088828,156,7cfb25b38dd114c5fa7f2153f52845418445d3b34b0ff0707e4cee3fee2e684b
Mali,2026,0.1723190107938534,0.1556814022092547,0.164000206501554,0.17859884624104153,0.28248555758236465,0.013854086159798225,0.01662490339175787,0.2658606541906068,157,59a75d29426a7d64308991537675dc6d827bb6a00f652bcf58758bb5e4bf6edc
Samoa,2026,0.1769857667543048,0.1579423354363601,0.1674640510953324,0.1820179655158045,0.28419511721974616,0.015472094072109827,0.018566512886531793,0.2656286043332144,158,e166c7193b3cf266068feb0d2cfe18e2d52e5a7e9b7dbba2ddb962787ab1f947
Honduras,2026,0.158787750940944,0.1473697810124674,0.1530787659767057,0.1678334924192869,0.27710288067148736,0.009583624573272977,0.011500349487927572,0.2656025311835598,159,63d4784a432da5017e4eda3e1ffd941b95fcc6b602307351f3255d33f6f06cc0
Tonga,2026,0.1533661893319983,0.1440322129153119,0.1486992011236551,0.1635165773409421,0.27494442313231493,0.010169502183403322,0.012203402620083986,0.2627410205122309,160,149b07f5385a674451e1e49775ef8dfd03b1ad1e6b51cb9b841bf19470a74554
Somalia,2026,0.1552391358666424,0.144505932258134,0.1498725340623882,0.16467848153813855,0.2755253752309132,0.011732771347146696,0.014079325616576035,0.26144604961433715,161,98c8dfa76e0515a1d9aba6d637e9e62d0a5b98fd4c1213ef8d90bc12705e4ed3
Comoros,2026,0.1335690140702076,0.1289808574320105,0.131274935751109,0.146364147745144,0.2663682083344159,0.007487966231754517,0.00898555947810542,0.25738264885631046,162,e859be9266c99c7be4c4d7614c02fbb2122d3b7808c3edc3250bade7aea4a1bc
Sierra Leone,2026,0.1485796929941659,0.1394026829740961,0.143991187984131,0.15888918134191923,0.2726307251328035,0.013328774790814804,0.015994529748977766,0.25663619538382576,163,166be281f3a96a53d5b53e1d64ff21eee096da88843713032bb43233246c8af0
Turkmenistan,2026,0.1469784764929798,0.1393165521844921,0.1431475143387359,0.1580504836340123,0.27221137627885006,0.014043686075487213,0.016852423290584655,0.2553589529882654,164,639f8da9270afa2b2e988129a0900596467281b78bea5194206551e1e7b02933
Saint Kitts and Nevis,2026,0.1297778326620097,0.1279688206541633,0.1288733266580864,0.14398647160253616,0.265179370263112,0.009535146992202264,0.011442176390642716,0.2537371938724693,165,f491f0b25437d99390b0f0c05434f457c43fa33e33e6f335202aabd6a371d957
Solomon Islands,2026,0.1415418187710642,0.1359574513899356,0.1387496350804999,0.15371561263959585,0.27004394078164184,0.01445618808161115,0.01734742569793338,0.25269651508370844,166,aa4fbd97dd92ad44f133e34867e9e35c53f97ab8e6e346344f14bbd3271171a9
Syrian Arab Republic,2026,0.1382800298431905,0.1335027238862212,0.1358913768647058,0.1509017641638086,0.2686370165437482,0.01510294426421028,0.018123533117052337,0.2505134834266959,167,d8460f415cd72a9027aa2cec84c518c1e66a41b0395f60d75a3694506a144ee6
"Micronesia (Federated States
of)",2026,0.1319979897949612,0.1289377920372085,0.1304678909160848,0.14556136186938035,0.2659668153965341,0.013828316314217092,0.01659397957706051,0.2493728358194736,168,bd1efd2eef51323fbb39f678592d8e9a5de08487b5e91964e8985bd57b5bb94f
"Saint Vincent and the
Grenadines",2026,0.1441544748412327,0.1374862729054068,0.1408203738733197,0.15575735672430255,0.2710648128239952,0.01865103026196885,0.022381236314362618,0.24868357650963258,169,44e2290a98e3747deda58eba5031bc25e16e76cdc29050903302141d02fcbf0d
Myanmar,2026,0.115524016439302,0.1142309597123231,0.1148774880758125,0.13022997501796926,0.25830112197082855,0.009222603839043069,0.011067124606851683,0.24723399736397686,170,d04a62236c1a9a445e82f9ee08296733fdddb97384b58366733100f1fe0a0f50
Madagascar,2026,0.126380178717407,0.1253202988738399,0.1258502387956234,0.14101101988210415,0.263691644402896,0.014702492395120666,0.0176429908741448,0.2460486535287512,171,f99ad01cc76dc5cd3fd5c6bbd7c78453f84a2d7474c77dd93ca2886822e4e669
Nauru,2026,0.1218050279611531,0.1209922266962382,0.1213986273286956,0.1366350067080843,0.26150363781588604,0.014142435901147036,0.016970923081376443,0.2445327147345096,172,4caba0f16daced5d409087230ad8f98a3f325707459be55e636c308205ac1830
Chad,2026,0.1077182975074923,0.1052948902909067,0.1065065938991995,0.12201139580461864,0.2541918323641532,0.010657542474494977,0.012789050969393973,0.24140278139475924,173,71cd876ff71e1926abab80e0c9dcc0c4c20076e82ccd6d944f011df4b06694ee
Congo,2026,0.1007267401496784,0.0997179216640468,0.1002223309068626,0.11582706545482338,0.2510996671892556,0.009555210991199905,0.011466253189439885,0.2396334139998157,174,8c3abbc7353355b58d6977cdcadd9a46822740586a28f95394f595291eb97942
"Democratic People's Republic
of Korea",2026,0.0924811768889857,0.094550074287806,0.0935156255883958,0.10921702346676883,0.2477946461952283,0.0070890685893273304,0.008506882307192796,0.23928776388803552,175,95e50c4c5502bc74003a6bb1878369268befdaff6fb1dc2b632684c8810c079f
Dominica,2026,0.1041394902072509,0.1023879761417712,0.103263733174511,0.11882047309132694,0.25259637100750737,0.011822130134268959,0.01418655616112275,0.23840981484638463,176,079bf99a3779cb1f1b5299ad40aec60dfbf936f31754bcd2a1bf71829d51b18e
Guinea,2026,0.085428206552914,0.0910833100062444,0.0882557582795792,0.1040254988483737,0.24519888388603076,0.007065693912770795,0.008478832695324954,0.2367200511907058,177,333a5029d8d735478da63fc69d2b3f3eb998ee1c2d2b45a7be3d867b2ccc848e
Tuvalu,2026,0.0948824873775758,0.0957774380396632,0.0953299627086195,0.11100738472647259,0.2486898268250802,0.010117936923043473,0.012141524307652167,0.23654830251742803,178,963eea89e2f2edb6f671d949b48f9ba81ddc01976e7ad96a67fa4ab10dddc840
Burundi,2026,0.088523938238119,0.0933011778385478,0.0909125580383334,0.10664183224737295,0.24650705058553038,0.010408537922944478,0.012490245507533373,0.234016805077997,179,efbf321b74a5670e3c8c3e28b6fcbeb9b00ad2172a4f0f84dfc2906e2a1fa643
Timor-Leste,2026,0.0771383834796898,0.0836545294028983,0.080396456441294,0.09629695971641751,0.24133461432005265,0.007156241488654717,0.00858748978638566,0.232747124533667,180,afab5f88912e45c8e40852a74bae6a3570ecef2a2c95bbb3a3d43223d9f51e0e
Grenada,2026,0.0976310084644734,0.0975000538317435,0.0975655311481084,0.11321073205582417,0.24979150048975599,0.014994400039207385,0.01799328004704886,0.23179822044270712,181,2f5afd17898f210bf8f5d9c4569b485d09d89ebabc540a104a732f7dc8646d0f
Marshall Islands,2026,0.0683805809043991,0.075558235180121,0.07196940804226,0.08801178718624042,0.23719202805496412,0.007496898805878644,0.008996278567054372,0.22819574948790974,182,3a636d897d2dca6fe787911d41f0f8013a2502f792bc418727994a358c067990
Niger,2026,0.0905931342413716,0.0940548222475829,0.0923239782444772,0.10803716335350068,0.24720471613859424,0.015963779383837202,0.01915653526060464,0.2280481808779896,183,d9a4c343e5b2d1ef5b896c518ca5b4fc892adbf9076f718f0b8b941d00c72f01
Sao Tome and Principe,2026,0.0818493992526727,0.088176395857109,0.0850128975548908,0.10083457613508207,0.24360342252938494,0.014385368349812768,0.01726244201977532,0.22634098050960963,184,b953f87c175c7a5a897ea9d169f92375158e4f4d1d5f2c11a8421725829ab542
Suriname,2026,0.0707516991670495,0.0767425335371762,0.0737471163521128,0.08976623661380094,0.23806925276874438,0.009776123730839317,0.011731348477007181,0.2263379042917372,185,e68da3311bb3087b55a12a70805d78c0bc4d5057af708e959688f85265299127
Equatorial Guinea,2026,0.0516499736282518,0.0604853469994186,0.0560676603138352,0.07237514976161148,0.22937370934264964,0.008229627326613526,0.009875552791936231,0.21949815655071342,186,cd210c01b3f358cdff36930b88ce365cd48c550c42a3e3b408e303893ab83629
Sudan,2026,0.0556665682046198,0.0640167093731831,0.0598416387889014,0.07608679404098063,0.23122953148233422,0.010100959242002392,0.01212115109040287,0.21910838039193134,187,bede7660425ff60c210bc9db093a1809efcb97f45fe5af225d8aa366ccf57ea5
Afghanistan,2026,0.0575697069652038,0.0645334941108072,0.0610516005380055,0.07728461007032042,0.2318284394970041,0.011647299863843831,0.013976759836612597,0.2178516796603915,188,fdf3ffac9cc50ad22b084d2322278d1ffee68fdeeedef7764fc199de4ec1b1c8
Liberia,2026,0.0460784794159853,0.0547361167933506,0.0504072981046679,0.06681404612686341,0.22659315752527562,0.007291966292501923,0.008750359551002307,0.2178427979742733,189,6fc5a84e4e91724005faa8ef9f6f7ac8d5a59ee40dacb857017aa8de5c7a0f53
Haiti,2026,0.0595030379517275,0.0650933442432333,0.0622981910974804,0.07851833793180346,0.23244530342774564,0.01284034483525845,0.015408413802310138,0.2170368896254355,190,e9571da49e7c2fd900aba6f6bc9db9bddc6d643e94224ee491a0be5f6c81ed0c
Yemen,2026,0.0271469252253691,0.0299304493873947,0.0285386873063819,0.04536195676871491,0.21586711284620136,0.007081850010467616,0.008498220012561139,0.2073688928336402,191,9b0987236ba82e68653b05cb42ffa71f4880293e0a248cde1f58a5fc1617c186
Central African Republic,2026,0.019658224665927,0.0214465666113993,0.0205523956386631,0.037520451792868656,0.21194636035827824,0.010393749425308173,0.012472499310369808,0.19947386104790843,192,3fce87378e1667089d0b10552d9c2c014be7a4d14ebc8e1944c14184745a0fc7
South Sudan,2026,0.0081992463954048,0.0072995844189401,0.0077494154071724,0.024956540890181508,0.20566440490693466,0.006422692717679651,0.007707231261215581,0.19795717364571908,193,98e2b12300c769b78a004ae35dc45ac99dad258b069afce8f7efc30ffc9ce418
Guinea Bissau,2026,0.0058583203586942,0.0061583514566869,0.0060083359076905,0.02323800329476429,0.20480513610922604,0.0077241075838752294,0.009268929100650275,0.19553620700857577,194,641c5adf46df57bd325a4fbba06fb25c06d5f6cba1ce01f9a33ed31f865286b1
Eritrea,2026,0.0,0.0,0.0,0.017335737254655172,0.20185400308917148,0.006924227515169649,0.008309073018203578,0.1935449300709679,195,7a91459bc7336302e0c1e26e892739e6deddf20a284233e3c174ffd69747f9cf
