country,PC1,PC2,PC3
Afghanistan,-0.5408546973870115,0.0959865346744811,0.2283389594836937
Albania,0.1390760577504444,0.13583327992948346,0.24001028539367184
Algeria,-0.26237985475318165,0.07796276079539904,-0.19976832389535493
American Samoa,0.08671768487700894,-0.10848421038050138,-0.015276115555202776
Andorra,0.2609372094121237,-0.260374151822305,-0.045587187563896917
"Andorra, Principality of",0.004099105238311869,-0.014948146683380245,-0.006977305012811705
Angola,-0.4755753074312954,-0.027228786420738504,-0.1370299452114174
Anguilla,0.09664000731504156,-0.1195608143819161,-0.01723458656074344
Antigua and Barbuda,-0.13297288669374016,-0.43493083938372745,-0.24792370289376062
Argentina,0.09575747744566951,0.2055731003967566,-0.1574999407875345
Armenia,-0.12470843915713596,-0.09876915428074463,-0.16700190591938918
"Armenia, Republic of",-0.016941810731053684,0.007053076266293376,0.006294498368035327
Aruba,0.09590788987949718,-0.11874352841215433,-0.017090080999760202
Australia,0.9046610110297383,-0.045248212265770554,-0.054386096803342304
Austria,0.7583681823148452,-0.038576156423035614,-0.022285945211025004
Azerbaijan,0.08090814082149643,0.2012750331183949,0.03283165334206506
"Azerbaijan, Republic of",-0.009463298196997108,-0.0007667554289267171,0.0015773392824847484
Bahamas,-0.09043862830828281,-0.09014213161503624,0.06983873486185167
"Bahamas, The",0.05982983311326731,-0.07770539008791484,-0.014646957418579219
Bahrain,0.2698576379744573,0.017316878084605792,-0.11674105895098943
"Bahrain, Kingdom of",-0.0031405784536048358,-0.007378043973836538,-0.0024107900075459703
Bangladesh,-0.15727677618748756,0.3055032554657198,-0.029099089832952188
Barbados,0.02108016524860359,-0.3141008519063122,0.09078126780890447
Belarus,-0.2663929793408949,0.09272923564837666,0.09832437572037392
"Belarus, Republic of",-0.01593391767832985,0.005999182994979061,0.005658758058813618
Belgium,0.7288606827227893,-0.00017231600299946227,0.06687885487196917
Belize,-0.19692080768471823,-0.11998890878878231,0.1316177955525164
Benin,-0.038324414035579284,0.06747836487891738,-0.05850898189386006
Bermuda,0.10428818098366104,-0.1280987138092343,-0.01874418539396789
Bhutan,0.1672459189425928,-0.25303863842645363,-0.08153756309848736
Bolivia,-0.28420434964634816,0.05073822627361792,-0.19387357787835247
Bolivia (Plurinational State of),-0.11533126844519244,-0.12107564570551196,0.09116448414020432
Bosnia and Herzegovina,-0.2790346331001996,-0.017752193481259934,-0.12672294500749615
Botswana,0.042220941621838176,-0.19799055492894266,-0.06793511070283643
Brazil,0.15021656979551962,0.401041010450215,-0.10331786289139076
Brunei Darussalam,0.20741956815615592,-0.21280146303858402,-0.0438807679109298
Bulgaria,0.2043016098260641,0.2090597657744776,0.0447279101942713
Burkina Faso,-0.3871187200406755,-0.06600780140204736,-0.2058647018281816
Burundi,-0.7504376179802192,-0.13390478628403046,-0.2769577292320788
Cabo Verde,0.03197493028634159,-0.15698949078174546,0.03874545000180113
Cambodia,-0.43324778317374957,-0.00818997624997452,-0.24681384479268562
Cameroon,-0.26504834244066733,0.16598203996427818,0.08435307000258108
Canada,0.8588839099906225,0.012317421033080849,0.044936717302822185
Cayman Islands,0.09448935337706979,-0.11715997101447158,-0.016810089835629483
Central African Republic,-0.5176818795726064,0.025702014070460737,0.23873510266798242
Chad,-0.664217615793515,-0.056056521301543115,-0.14729831615554198
Chile,0.5008766552358676,0.04039906809347379,0.05130277073716043
China,0.3043230389383011,0.30154719247641815,-0.1565851782256967
"China, People's Republic of",0.05050765555848684,-0.06347478230380207,-0.036250039904023756
Colombia,0.05747052880211834,0.21206527524899432,-0.08310149987564115
Comoros,-0.3981047989739552,0.04140732917446677,0.1768625957852759
Congo,-0.33488189892277975,-0.32711125023682047,-0.12876940497217673
Congo (Democratic Republic of the),-0.18446148316357086,-0.132521947797416,-0.3044603056422625
"Congo, Dem. Rep.",-0.1760903845798341,0.18489679310228174,0.03659702072592362
"Congo, Democratic Republic of the",-0.015015809435723795,0.005039172310704756,0.005079650566728046
"Congo, Rep.",-0.14169150689892726,0.1464962322916358,0.029807359839378815
"Congo, Republic of",-0.014420517641476047,0.004416711410978492,0.004704163318026962
Cook Islands,0.04638175053159217,-0.06345592445636117,-0.007314596627527817
Costa Rica,0.15537335289257234,-0.09428679472148127,-0.1510793955407404
Croatia,0.2672775737134772,0.045598767367588604,0.10040401450471151
"Croatia, Republic of",-0.011175345053929527,0.001023429212012841,0.0026572328240532872
Cuba,-0.20650674032160846,0.03023811208781345,0.0888168202803256
Cyprus,0.47602957916483063,0.06423356084186489,0.0436573248293705
Czech Republic,0.13691389868675324,0.12851480511312652,0.28279974774136296
Czechia,0.4268763403637704,-0.017187398630528143,-0.19903779097682572
Côte D'Ivoire,0.007507673086764793,0.031573495078221166,-0.014072744788537324
Côte d'Ivoire,-0.014508591712485848,0.004508805180812147,0.0047597170664994476
Côte d’Ivoire,-0.04459897759984112,0.03810875493860467,0.010643207023904405
"Democratic People's Republic
of Korea",-0.1859055679081121,-0.20877671215947424,0.15162612290426564
"Democratic Republic of the
Congo",-0.11830749353292352,-0.12477413249443425,0.09371424301141323
Denmark,1.0334914636807764,-0.13879347359165872,-0.06117939643595151
Djibouti,-0.3129144232078593,0.0018942978485531302,0.15370790756316985
Dominica,-0.10818040271249196,-0.27091332839055693,0.13664111452463606
Dominican Republic,0.09418200019631387,0.11393658249769517,0.0873945192396377
Ecuador,-0.18701671775247658,0.2378685450557903,-0.23938540155615298
Egypt,0.15525781461748253,0.20979876642287953,-0.10778451468788525
"Egypt, Arab Rep.",-0.06787704977438291,0.06409480699486848,0.015237839954192693
"Egypt, Arab Republic of",-0.04419234345459716,0.035547322753516755,0.023483090008093673
El Salvador,-0.09328903615513062,0.06452006791380921,0.025196519089946717
Equatorial Guinea,-0.48477713158291175,0.03599719733197626,0.21988562760700803
"Equatorial Guinea, Republic of",-0.04005896724174683,0.031225299333709343,0.020875914708506475
Eritrea,-0.5861257525951645,0.06739599962505023,0.25867666148531754
Estonia,0.8133867190266467,0.03885494706102727,0.05956118988459081
"Estonia, Republic of",-0.0044465938155974875,-0.006012422097073469,-0.001587005571451629
Eswatini,-0.46301693353236284,-0.06338079140910613,-0.1934745933090113
"Eswatini, Kingdom of",-0.034174630031909216,0.02507240109234056,0.017164300319224658
Ethiopia,-0.19774419694518733,0.19118400454785653,-0.031204877387698143
"Ethiopia, The Federal Democratic Republic of",-0.01920399495210892,0.009418506529554428,0.007721397474367578
Federal Republic of Somalia,-0.21915789971140573,0.232974429504102,0.04509769989580866
Fiji,-0.0262033998115107,-0.23323712518686973,-0.18214863337447318
"Fiji, Republic of",-0.03627844235602459,0.027272231368480823,0.018491304502717153
Finland,0.9584824804670137,-0.1324950203379221,0.060690876353832864
France,0.749865069173334,0.1445916823701045,-0.04856377697782201
French Guiana,0.11609283829808532,-0.14127662807889066,-0.02107419222704834
Gabon,-0.27047499376984663,0.04290960269498385,0.11533492211261474
Gambia (Republic of The),-0.13529212877513058,-0.14588054992130145,0.10826513318487108
"Gambia, The",-0.05722066101245869,0.05245111850170211,0.01158726240643114
Georgia,0.14851976194316968,-0.10578476692752034,0.005502357401085948
Germany,0.8816325077457987,-0.015726137587714892,-0.022377011317753243
Ghana,0.05119230684803368,0.07393126795650508,-0.03447039418520147
Greece,0.3712072096750028,0.1712934595384049,0.0285765650957778
Greenland,0.15601259713216195,-0.18584032404810946,-0.02895356630635075
Grenada,-0.10611116824722641,-0.28024982564694484,0.13502623595539376
Guam,0.09863630116667978,-0.12178934067736269,-0.017628615645303984
Guatemala,-0.49286899422583036,-0.0604661840389961,-0.2479387300746175
Guinea,-0.6251775622583059,-0.09856333160903641,-0.1195570585873325
Guinea Bissau,-0.2328279221929117,-0.26708604774798683,0.1918249269493195
Guinea-Bissau,-0.15250411804231792,0.15832654455307932,0.033413809442744295
Guyana,-0.15492179388030372,-0.10367732224299708,0.0970607053341611
Haiti,-0.9242411090268493,-0.025035710352435965,-0.26380464054363045
Honduras,-0.5733798488495244,-0.08598239766948715,-0.16634956966031603
"Hong Kong SAR, China",0.1544206181635862,-0.18406314731114887,-0.028639341015764014
Hungary,0.3821779527345153,0.25093630548745177,0.09492959801486077
Iceland,0.7242428554498133,-0.17204283125078387,-0.030771951973509307
India,0.2832249120764793,0.2530876655979964,-0.07793058150630355
Indonesia,0.06005571409757872,0.1432666264659263,-0.23591124607181815
Iran (Islamic Republic of),0.053956051617795805,0.08929383184711866,-0.053865489531191205
"Iran, Islamic Rep.",-0.1352018095351953,0.13925157679530253,0.028526421409794497
"Iran, Islamic Republic of",0.024609899457933546,-0.036395053137347734,-0.019914727911328273
Iraq,-0.6057499033426771,0.06658870911299354,-0.19616683097134593
Ireland,0.8247573641614696,-0.1421210604860145,-0.10946036648395072
Israel,0.4293353990640665,0.07369805019718674,-0.22917831277732348
Italy,0.5195101787929287,0.15954319556645336,0.01939129758977935
Jamaica,-0.04375884781166396,-0.038537524553063626,-0.1355159914550625
Japan,0.7934385975113779,-0.07070600861142022,-0.05276680077734874
"Jersey, Channel Islands",0.1304900521300145,-0.15734869561508633,-0.02391591865012083
Jordan,0.3316009282830512,0.19668519626175726,0.13130365291387347
Kazakhstan,0.17055202045118234,0.20554900826527384,0.008328607866187315
"Kazakhstan, Republic of",-0.01847172321346229,0.008652813923530706,0.007259508526623154
Kenya,-0.08775068036693,0.22444648619811108,-0.1661472179465908
Kiribati,-0.10718579654913778,-0.20540061940308066,0.10761893227904518
"Korea, Dem. People's Rep.",-0.17993136615317762,0.18918460295026454,0.037355154831239065
"Korea, Rep.",0.11554937065441799,-0.1406699378696095,-0.020966922419075537
"Korea, Republic of",0.014837771565120651,-0.026176925524674995,-0.013750844162411114
Kosovo,-0.020897580487382914,0.011650131795228166,0.005965018089262364
Kuwait,0.03557476015274981,-0.17902089897186202,-0.22094279769564842
Kyrgyz Republic,-0.12313414404797825,0.12436178515615577,0.03483932897395324
Kyrgyzstan,-0.08393818605856086,-0.07823153333529362,0.040857560342397625
Lao PDR,-0.08859418778918385,0.08722200682794558,0.01932699492503406
"Lao People's Democratic
Republic",-0.0937683871464415,-0.09427994670301251,0.07269136928509477
Lao People's Democratic Republic,-0.03164998151255691,0.022432527665503785,0.015571848792714386
Latvia,0.5262547179200026,0.017348808364571956,0.055581121131514886
"Latvia, Republic of",-0.014668812329301407,0.004676338263346464,0.004860778090982892
Lebanon,-0.5483484333148236,0.053775814025321354,-0.2634793891885202
Lesotho,-0.1687397132995543,-0.012088039681729756,0.08371125705558866
"Lesotho, Kingdom of",-0.013788850271110209,0.003756214754574048,0.004305731750038297
Liberia,-0.7137673868327803,-0.1479403760227125,-0.18267804517626898
Libya,-0.7223803728101748,0.1439579204647373,-0.2253739134789213
Liechtenstein,0.35079314497223174,-0.36599682007857454,-0.05623252157198032
"Liechtenstein, Principality of",0.05490711286521674,-0.0680750307532451,-0.03902504895982536
Lithuania,0.6935828880802215,0.042405719618995086,0.08279742957067908
"Lithuania, Republic of",-0.011137894327169648,0.0009842692348392694,0.00263361034094701
Luxembourg,0.8641732058176829,-0.2451049491486859,-0.07835600768334833
"Macao SAR, China",0.1008770267945107,-0.12429073393587745,-0.018070890747820093
Madagascar,-0.6204763879845805,-0.16485714228096285,-0.25442240586846976
"Madagascar, Republic of",-0.01648057650553343,0.006570791320026512,0.0060035694958068325
Malawi,-0.24243194774870977,-0.029245023431905985,0.1333006533401185
Malaysia,0.37931547483865014,0.0587894888499606,-0.05111770960990432
Maldives,-0.2843263925083798,-0.23387890152401966,-0.1535428894335796
Mali,-0.6504215964777127,-0.08960703310763109,-0.2589972803438363
Malta,0.3263932768603424,0.041037065715275545,-0.18221825123531504
Marshall Islands,-0.16617713193674907,-0.25249354788532075,0.15588172812219223
"Marshall Islands, Republic of the",-0.0014394080203740407,-0.009156855791316181,-0.0034838231178925564
Martinique,0.07334793986181869,-0.09355913895110382,-0.012637191238113788
Mauritania,-0.5044774115239535,-0.06369927887147388,-0.24871669013708977
"Mauritania, Islamic Republic of",-0.0010238556323385172,-0.00959137398195722,-0.0037459376378344957
Mauritius,0.2722302537252136,-0.08889203444641326,-0.13014293522478318
Mexico,-0.2473977941234411,0.13443306000228267,-0.20744259594855116
"Micronesia (Federated States
of)",-0.1660913639525524,-0.1841540544630713,0.13465111569802443
"Micronesia, Fed. Sts.",0.012630125902392392,-0.025777912805676602,-0.0006526907442025338
"Micronesia, Federated States of",-0.0020674750754764784,-0.008500123768491116,-0.0030876624907866202
Moldova,-0.014379930171511002,0.0043742715297031606,0.004678562297525461
"Moldova, Republic of",-0.023675287214835708,0.01409386848093667,0.010541717267270677
Monaco,0.2926928873847233,-0.3505845921006623,-0.0332047005767961
Mongolia,-0.11117450734224706,0.015773024915022762,-0.09718859268893915
Montenegro,0.11312809210075113,0.005071846298959676,0.12943378129466124
Morocco,0.011963368269465473,0.12688261104939322,0.13783722985953825
Mozambique,-0.5337004590359973,-0.05563000765121445,-0.12788775073040934
"Mozambique, Republic of",-0.027373069085273746,0.017960417041332898,0.012874136350221568
Myanmar,-0.6804896235393348,0.08530739422553445,-0.012292048210073896
Namibia,-0.0026414064811934677,-0.054281572514401695,0.027088667333648942
Nauru,-0.34019677376263396,-0.3864355962305168,-0.23702667916388512
"Nauru, Republic of",0.0036988939538649644,-0.014529669763986083,-0.006724867073051438
Nepal,-0.104810556314833,0.0986534200727537,0.013284238529976448
Netherlands,0.8721784546811062,-0.04798428185289125,-0.08354530544809745
"Netherlands, The",0.023275157722735976,-0.03499939381628627,-0.019072823979981175
New Zealand,0.7347397055517364,-0.23654883425700732,-0.13939612435765295
Nicaragua,-0.6750971181359086,-0.019664828109529887,-0.1925118158488946
Niger,-0.3325752926833103,-0.06790065459127394,0.17895410781324508
Nigeria,-0.20513322068472803,0.3285747533936385,-0.0936138125604014
Niue,-0.054437065080854566,0.04909132477938767,0.012585051708137198
North Macedonia,0.057317298472812014,0.05805680701591675,0.18689941156024975
"North Macedonia, Republic of",-0.03182891592460553,0.022619628640508024,0.015684713762007283
Norway,0.9373497033789714,-0.1550009637134852,-0.13302952748421298
Oman,0.29048604252533666,-0.014431031210491456,-0.14554276368831848
Pakistan,-0.28816046597781253,0.24305110759964813,-0.12258156790559398
Palau,-0.01684303177969675,-0.2949659306066682,0.097566417056593
"Palau, Republic of",-0.01850303447927888,0.00868555423488741,0.007279258473066942
Panama,-0.07916085991925897,-0.007472517627320865,-0.008644598585842846
Papua New Guinea,-0.24874957250189964,0.027288222314268196,0.11390715032527526
Paraguay,-0.1580639486265311,0.0701881885406415,0.061551943208536804
Peru,0.05973637060266254,0.27351645646833384,-0.05926015967196041
Philippines,0.07037343406530304,0.22977781682649268,-0.18243683311594877
Poland,0.5599439283944402,0.20603445714349464,0.037231940486687376
"Poland, Republic of",-0.02062276793071072,0.010902032278273625,0.008616305093478684
Portugal,0.5579736134206896,0.07062426787446817,-0.0003962138176196242
Puerto Rico (U.S.),0.03051069787661836,-0.04573856378373183,-0.004181963451545431
Qatar,0.3169073646297075,-0.15275468903918865,-0.2881258925395071
Republic of Korea,0.25637993782127133,0.34084136162639433,-0.22728385822902578
Republic of Moldova,0.08182102071263858,0.12392099109520155,-0.07773765983122095
Romania,0.35205973594497403,0.18455281134559193,0.12081027395335485
Russia,-0.03508682030071923,0.31661039714220457,-0.08626205548649557
Rwanda,0.21133443766341023,0.014833718986738964,-0.057498380143150174
Réunion,0.06371847179245012,-0.08280945759224931,-0.010736523916484466
Saint Kitts and Nevis,-0.16694638653771857,-0.18521657145767065,0.13538362125702885
Saint Lucia,-0.12788561271516669,-0.13667664195323842,0.10191990408694655
"Saint Vincent and the
Grenadines",-0.16054025072736663,-0.1772558131264885,0.12989542694002368
Samoa,-0.03456007299663576,-0.2651286357022062,0.10446953756163647
San Marino,0.18090152991827652,-0.27176534072761155,-0.0039060704382583586
"San Marino, Republic of",0.01890048404522129,-0.03042506012039578,-0.01631344748763294
Sao Tome and Principe,-0.19046482255570962,-0.21444239354593375,0.15553207747461517
Saudi Arabia,0.5023254917817128,0.16394433093001143,-0.08639041571108294
Senegal,-0.09124190259463641,-0.07367035676516494,-0.19896769695820493
Serbia,0.21375693190627626,0.29924723536763265,-0.001206058583549675
"Serbia, Republic of",-0.01778031000291621,0.007929844628005656,0.006823391572463554
Seychelles,0.04991543273210074,-0.29395705486427404,0.06378267779070698
Sierra Leone,-0.326326505831049,-0.013064444730327756,0.157556792933756
Singapore,0.970131412211415,-0.13507458583342405,-0.07690029146588907
Slovak Republic,0.03326004217498231,-0.049310165650003866,-0.0016444983566710628
Slovakia,0.16119707261323152,0.16650732421034933,0.19666339596700239
Slovenia,0.552237605789756,0.07998941479716365,0.056102307112693005
"Slovenia, Republic of",-0.0007667798634500879,-0.009860182683750806,-0.003908091180181928
Solomon Islands,-0.21190041417139224,-0.13126198561406377,0.12956481398851527
Somalia,-0.16882318085074208,-0.15748766547962179,0.13402326365807815
South Africa,0.013855286692422218,0.08534566552583321,-0.15037064966680042
South Sudan,-0.6445884551410167,0.13295903646012053,0.26656689135929845
Spain,0.6319960182935848,0.17337200301249436,-0.01958924158129359
Sri Lanka,-0.010032508854853416,0.11248104251053903,-0.030074402587135445
St. Kitts and Nevis,0.05244787809328259,-0.07010462551238318,-0.009266665669284312
St. Lucia,0.023232593120613005,-0.0381810177897636,0.0007320593080154458
St. Vincent and the Grenadines,0.027595785671856204,-0.04308096098414194,4.969599298152404e-05
State of Palestine,-0.06532076874134428,-0.05892874249427322,0.04832003806684374
Sudan,-0.5700836157135261,0.12474830312360775,0.24517339803615215
Suriname,-0.3087091681839462,-0.1107958989799603,0.19296985967086522
Sweden,0.8282065650119714,-0.17316983128147106,-0.1013759743595252
Switzerland,0.8132647924980255,-0.2267123149199771,-0.03683723741380269
Syrian Arab Republic,-0.5264351759123231,0.17065443350851076,0.1986606315824557
São Tomé and Príncipe,-0.05683826854178717,0.051771864545121254,0.013059001973915185
"São Tomé and Príncipe, Democratic Republic of",-0.00857393646871129,-0.0016967076085472226,0.0010163639898955437
Taiwan,0.17095454336306964,0.23468517937238564,-0.15409915246056186
"Taiwan, China",0.1376735806663205,-0.16536789690857914,-0.025333805686516997
Tajikistan,-0.5233506981798086,-0.012579404683880085,-0.2979052939650349
"Tajikistan, Republic of",-0.022378406801267757,0.012737798471460093,0.00972369480653726
Tanzania,-0.07234176352428967,0.03204407636250408,-0.02272303284233519
"Tanzania, United Republic of",-0.003527767164345663,-0.0069731839781496455,-0.002166566208177274
Thailand,0.11850775142414714,0.193254918893387,-0.18869099728681635
Timor-Leste,-0.31424778131788245,-0.09969557813050954,0.17991253191404877
"Timor-Leste, Democratic Republic of",-0.03937475305027614,0.03050985762034504,0.02044433861967055
Togo,-0.19479796949738162,0.0373567899247307,0.08209685883920605
Tonga,-0.1340547790365776,-0.1926657399099003,0.12227544902302476
Trinidad and Tobago,-0.12024021901436456,-0.017159083924783408,0.07320281857321216
Tunisia,-0.03333334183271987,0.1427713684519263,0.14724103974000194
Turkey,0.09287976604715961,0.2793455195733254,-0.027590861297032566
Turkmenistan,-0.47297712676333137,0.1310380861582263,0.2048243875282177
Tuvalu,-0.1012589661679291,-0.2896230755234822,0.1236371966394905
"Türkiye, Republic of",-0.004630287044062322,-0.005820345113367801,-0.0014711389231494435
USA,0.5735202846702032,0.27168735247041736,-0.14964613059727255
Uganda,-0.35874260913344747,0.0023548540845677005,-0.20575961347044605
Ukraine,0.09039964493918953,0.4380040063260607,0.07914719920827336
United Arab Emirates,0.6244499025996861,0.019302588381097042,-0.032170504250040234
United Kingdom,0.2223110757437996,-0.11473862226499183,0.10866169307028846
"United Kingdom of Great
Britain and Northern Ireland",0.259434725964653,0.34463747692621743,-0.22990092277846447
United Republic of Tanzania,-0.008927670120854702,0.011149670289107438,7.5619455672222904e-06
Uruguay,0.49485244179182003,-7.427180321843783e-05,0.026511094042452246
Uzbekistan,-0.05909693189561632,0.23790464763915206,-0.1515711416325932
"Uzbekistan, Republic of",-0.010904693022068049,0.0007404246268780394,0.0024865158953453316
Vanuatu,-0.13393313842833543,-0.08004821675310199,0.0888713492116926
Venezuela,-0.1739392391031861,-0.12405274343419409,-0.28533515914759616
"Venezuela, Bolivarian
Republic of",-0.1250167624739888,-0.1331115874282523,0.09946213421504833
"Venezuela, RB",-0.20580584420585943,0.21806910543672872,0.04246226713948645
"Venezuela, República Bolivariana de",-0.05240336172831192,0.044133091735573574,0.028662285640258457
Vietnam,0.10770938932781476,0.1751353513589024,-0.11583238057935603
Virgin Islands (U.S.),0.048221648026584116,-0.06550986052651991,-0.007677756151884403
West Bank and Gaza,-0.09334910814798358,0.09253007559930597,0.020265522544401643
Yemen,-0.22074690432173968,-0.25207324338132303,0.1814750099967219
"Yemen, Rep.",-0.20039190123285183,0.21202534876859355,0.0413936614370912
"Yemen, Republic of",-0.03512350515508955,0.026064582856997788,0.017762814380407242
Zambia,-0.04592482936363074,0.12871725553441807,-0.023561813944590428
Zimbabwe,-0.6199094559396818,0.039449768770577535,-0.2448856705236126
afghanistan,-0.013805438337041887,-0.00046748785193393826,-0.07848180590332497
albania,-0.014655450418507266,0.006696328451465801,0.04456140102955315
algeria,-0.014156747341266032,0.002493309090685238,-0.027628191646907607
andorra,-0.014704207919298816,0.007107251762674951,0.051619276311845916
angola,-0.013873761080569596,0.0001083293566085811,-0.06859177062805055
antigua and barbuda,-0.014138546846409817,0.002339917151177614,-0.030262798029223006
argentina,-0.014694255151737905,0.007023370839013386,0.050178566861645055
armenia,-0.014270381681804282,0.003451007880060807,-0.011179091707733787
australia,-0.015621705618649678,0.014839830063927214,0.18443134068515196
austria,-0.015389044976658845,0.012878989581071951,0.15075262935641143
azerbaijan,-0.014684223562511941,0.006938825614288958,0.04872644760838928
bahamas,-0.014311809953602827,0.0038001611867060987,-0.005182156451246649
bahrain,-0.01478823539932463,0.007815426910379638,0.06378264532542562
bangladesh,-0.014526598686601945,0.005610379018660922,0.025909512829147902
barbados,-0.014310746351308174,0.003791197253575136,-0.005336117836136164
belarus,-0.014163418914604077,0.002549536439555417,-0.026662450339577135
belgium,-0.015395250607967759,0.012931290017398737,0.15165092338533323
belize,-0.014148526433650738,0.0024240241084039936,-0.028818206305452967
benin,-0.014562092434125115,0.005909516751782179,0.031047398062246833
bhutan,-0.014622796246670284,0.006421122376539775,0.039834557599712814
bolivia (plurinational state of),-0.014266106282131123,0.0034149752417607358,-0.011797975719121574
bosnia and herzegovina,-0.014068826155037302,0.0017523181788457517,-0.040355192764674884
botswana,-0.014377598304950332,0.004354618792937489,0.004341013754368608
brazil,-0.014777981206857823,0.007729005607937374,0.06229830321649045
brunei darussalam,-0.014750528979668128,0.007497640999134239,0.058324465497564225
bulgaria,-0.0147846789267935,0.007785453317701789,0.06326782936558138
burkina faso,-0.01402136545271046,0.0013523241546270683,-0.04722535043056832
burundi,-0.0134939050660314,-0.0030930589168403633,-0.12357769755857921
cabo verde,-0.014379930171511002,0.0043742715297031606,0.004678562297525461
cambodia,-0.013992027892701712,0.0011050701505071286,-0.051472098854236675
cameroon,-0.014102806711943073,0.0020387028936847476,-0.03543634891972243
canada,-0.015529860912684098,0.014065772122488432,0.17113639181533094
central african republic,-0.0138059895738016,-0.0004628420839826713,-0.07840201181548404
chad,-0.013778967444761727,-0.0006905818688509964,-0.08231359082444105
chile,-0.01503299694413379,0.00987825258472341,0.09921301868582019
china,-0.014991451514610269,0.00952811188455918,0.0931991243030895
colombia,-0.014538810082828833,0.005713295437480106,0.02767716929621142
comoros,-0.01396921211826064,0.0009127810989987559,-0.05477478844783266
congo,-0.013890455233038765,0.00024902599403035883,-0.06617521432064882
costa rica,-0.014507300618094804,0.005447736838849487,0.023116027549932177
croatia,-0.014807767014771307,0.007980037400300476,0.06660993761166696
cuba,-0.014215343343763728,0.0029871503044282075,-0.019146147428978237
cyprus,-0.015133561195053042,0.0107257979737637,0.11377016229085661
czechia,-0.015024550277985533,0.009807064932239776,0.09799032442836793
côte d'ivoire,-0.014490851418388826,0.005309104638671324,0.02073492929564184
democratic people's republic of korea,-0.014136529645050498,0.002322916381070649,-0.030554797319223906
democratic republic of the congo,-0.014260641839111524,0.0033689214657658005,-0.012588979291769862
denmark,-0.015839736121011673,0.016677369201919947,0.21599227117634887
djibouti,-0.014007666322262356,0.0012368692614714992,-0.04920836335389137
dominica,-0.014187251099040364,0.002750391692243082,-0.02321263066618945
dominican republic,-0.014603448236581282,0.006258059294101011,0.0370338430439663
ecuador,-0.014273776109723548,0.0034796157770530835,-0.010687732460028816
egypt,-0.014760705151594854,0.00758340475231432,0.0597975137700149
el salvador,-0.014368884439640585,0.004281179212803535,0.0030796411740586496
equatorial guinea,-0.013853436319435213,-6.296568537034371e-05,-0.07153387444592574
eritrea,-0.013734045637113801,-0.001069178344152398,-0.08881623166302052
estonia,-0.015424197337992487,0.013175250145734518,0.1558410973488875
eswatini,-0.013905199425850452,0.00037328856764313155,-0.064040923753791
ethiopia,-0.014359468683934137,0.004201824171022968,0.0017166666904248934
fiji,-0.01430395225413335,0.003733937286135641,-0.006319595039381045
finland,-0.01555264222430977,0.014257770724855913,0.17443409275591956
france,-0.01547585158974201,0.013610586982577132,0.1633182908212703
gabon,-0.014138431011558067,0.0023389409067011368,-0.030279565663406935
gambia (republic of the),-0.0142294575137484,0.0031061031090411006,-0.01710305560007631
georgia,-0.014623535796831033,0.006427355230888885,0.03994161092924836
germany,-0.015606978591891455,0.014715712164085976,0.1822995349844681
ghana,-0.014560324888001535,0.005894620050884371,0.030791537530156367
greece,-0.015075009145511084,0.01023232719110962,0.10529448046794052
grenada,-0.014221944682028163,0.0030427857191643063,-0.018190572975607396
guatemala,-0.013825270376752638,-0.0003003454165409888,-0.07561102580591236
guinea,-0.013683687416404319,-0.001493592361782441,-0.09610581860729839
guinea bissau,-0.01405037872441225,0.0015968450895224016,-0.04302554424940354
guyana,-0.014308925618801635,0.0037758523031928047,-0.005599677344825959
haiti,-0.013323982067718952,-0.00452515285076977,-0.14817484282264348
honduras,-0.013727471847463438,-0.0011245815819407442,-0.08976781832622235
hungary,-0.015023741618016173,0.00980024962737678,0.09787326713222118
iceland,-0.015306608126430211,0.0121842201012656,0.1388195114128523
india,-0.01507882905517447,0.010264521005433878,0.10584743017939227
indonesia,-0.01463369622399545,0.0065129862887962926,0.04141238007403817
iran (islamic republic of),-0.014576923134740174,0.0060345084044582725,0.03319421103647237
iraq,-0.013690032066109852,-0.0014401202923955015,-0.09518740101811704
ireland,-0.01560317181071863,0.014683628995359303,0.18174848568315852
israel,-0.015078851543997766,0.010264710538974039,0.1058506855412853
italy,-0.015211911492798358,0.011386126400386158,0.12511173273313758
jamaica,-0.014356218062657225,0.004174428261944147,0.0012461241238462314
japan,-0.015445880607850121,0.013357994562554276,0.15897985163044417
jordan,-0.014961523559902356,0.009275882093313929,0.08886691349750285
kazakhstan,-0.01478804129468723,0.007813791016024389,0.06375454777530029
kenya,-0.014398151711580922,0.004527840836154556,0.007316215072523381
kiribati,-0.014304656774184667,0.003739874910246811,-0.006217612481306011
kuwait,-0.014563348126432696,0.005920099600216047,0.03122916537098836
kyrgyzstan,-0.014325320079752216,0.0039140231706477025,-0.0032265027802743573
lao people's democratic republic,-0.014206321507678959,0.0029111151775871244,-0.020452100213059977
latvia,-0.01508483206787174,0.01031511379248708,0.10671639422077114
lebanon,-0.01387419653179008,0.00011199929568433964,-0.06852873703617644
lesotho,-0.014246853203515856,0.0032527122322316138,-0.01458494850198988
liberia,-0.013425910318154126,-0.003666111811040436,-0.1334202539361181
libya,-0.013695736676698307,-0.00139204240829335,-0.0943616320715196
liechtenstein,-0.01477709156310628,0.0077215077799058715,0.06216952314076609
lithuania,-0.015290566908645591,0.012049026331673844,0.1364974704414751
luxembourg,-0.015565155150590758,0.014363228408634295,0.17624539710240977
madagascar,-0.013665367138710718,-0.0016479938189922806,-0.09875776411310265
malawi,-0.01404820576632066,0.0015785316173464623,-0.043340090051692495
malaysia,-0.01495058647916851,0.009183705477262006,0.08728372013199645
maldives,-0.014085807097003149,0.0018954318492918182,-0.03789712234217364
mali,-0.01362577461711367,-0.001981675607633072,-0.10448896597962415
malta,-0.014936463274512583,0.00906467652934875,0.08523932049235981
marshall islands,-0.014148314128590253,0.002422234822714095,-0.028848938451571757
mauritania,-0.013856295057062231,-3.887253226566006e-05,-0.07112005886250294
mauritius,-0.014752094181037859,0.0075108323588043945,0.05855103568430263
mexico,-0.014183444739781014,0.0027183120793607446,-0.023763618893558543
micronesia (federated states of),-0.01417290914770982,0.0026295191693641194,-0.025288694905586145
monaco,-0.014707551484680385,0.007135430995316766,0.05210327297037429
mongolia,-0.01436589905134583,0.004256018660613422,0.0026474923167234426
montenegro,-0.014594103800878422,0.006179305330135217,0.0356811924629584
morocco,-0.014450448690534917,0.0049685945132120655,0.014886446300657635
mozambique,-0.013831086526881068,-0.000251327488417853,-0.07476911099151189
myanmar,-0.013760862827065071,-0.0008431657653040119,-0.08493431854145181
namibia,-0.014345317068703966,0.004082555781648353,-0.0003318455121294264
nauru,-0.013856105887971627,-4.0466830329086156e-05,-0.07114744196924701
nepal,-0.014440523355676489,0.004884944789607053,0.01344970786188373
netherlands,-0.01543668062206209,0.013280458007937649,0.157648110847249
new zealand,-0.015211157461709307,0.011379771502230242,0.12500258322179897
nicaragua,-0.01371535929803771,-0.001226664929864659,-0.09152116625853075
niger,-0.01400863135355334,0.0012450024481007052,-0.04906867058078576
nigeria,-0.014367307644116457,0.004267890138766615,0.0028513926794825053
north macedonia,-0.014578470127938867,0.0060475463074948265,0.03341814550566531
norway,-0.015772821163779083,0.016113416674636186,0.2063060195227484
oman,-0.014853128105553257,0.008362336109659436,0.0731761667294492
pakistan,-0.014131779585264407,0.0022828833550940495,-0.031242390592246608
palau,-0.014325840207140358,0.003918406751945277,-0.0031512119188310548
panama,-0.01436995503928632,0.00429020211890542,0.0032346154581009987
papua new guinea,-0.014117122380679784,0.002159353909507156,-0.033364089208169884
paraguay,-0.014212403489098318,0.002962373505085096,-0.01957170508143536
peru,-0.014635578539069044,0.006528850250857984,0.04168485394607278
philippines,-0.014662268884772494,0.006753793799147466,0.045548405772110466
poland,-0.01523226330859904,0.011557649456370698,0.12805775283994147
portugal,-0.01519303221447899,0.011227013742143063,0.12237886928372801
qatar,-0.014839935893561005,0.008251153474249023,0.07126653261311182
republic of korea,-0.014948579766667759,0.009166793106199778,0.08699323915311542
republic of moldova,-0.01462808409581443,0.0064656878371194045,0.040599998386567714
romania,-0.014973618563588375,0.009377817567508842,0.09061772160228543
russian federation,-0.014621348932565104,0.006408924558874706,0.03962505214346872
rwanda,-0.014768093165395771,0.007645670189324937,0.06086696317050101
saint kitts and nevis,-0.014171339299308108,0.002616288644975968,-0.02551593777184295
saint lucia,-0.014243056110558249,0.003220710714808078,-0.015134595389032689
saint vincent and the grenadines,-0.014183101166465192,0.0027154164780216873,-0.023813352730897124
samoa,-0.014237151176377137,0.003170944523621456,-0.015989362108487903
san marino,-0.014594586661481775,0.006183374830719969,0.035751088783767926
sao tome and principe,-0.0141281587098896,0.002252366981729217,-0.03176652916360949
saudi arabia,-0.015229030068125865,0.011530400030957112,0.1275897262256389
senegal,-0.014331529454881444,0.003966355159515442,-0.002327666815928587
serbia,-0.014891371049458396,0.008684643793292974,0.07871201094066352
seychelles,-0.014430264301168007,0.004798482510366708,0.011964661949775506
sierra leone,-0.014057352026508244,0.0016556153780078317,-0.04201612629933885
singapore,-0.01571511290346759,0.015627057262723343,0.1979524801201056
slovakia,-0.014750785052691345,0.00749979915681057,0.058361533260096965
slovenia,-0.01515080192716843,0.010871101129452781,0.11626583854723509
solomon islands,-0.014254823751425649,0.003319887208103456,-0.01343117457663286
somalia,-0.014116409365930083,0.0021533446929326507,-0.033467301413392186
south africa,-0.01453548016595134,0.005685231233057467,0.027195148322203117
south sudan,-0.01368528709886127,-0.001480110398978311,-0.0958742571226212
spain,-0.015365878925631625,0.012683748433736621,0.14739923559588286
sri lanka,-0.014507451235186536,0.005449006224545105,0.023137830075319298
state of palestine,-0.014357927135043039,0.004188832152063064,0.0014935203101079193
sudan,-0.013658762885136488,-0.001703653803666022,-0.09971376057114162
suriname,-0.013894447351926714,0.00028267117037337856,-0.06559733652203711
sweden,-0.015483049890102974,0.013671253533802798,0.16436027831790967
switzerland,-0.015418483376833016,0.013127093455960605,0.155013974863594
syrian arab republic,-0.013855965772416535,-4.164771013047061e-05,-0.07116772434830461
taiwan,-0.01479173605132921,0.007844930053275818,0.06428938100411995
tajikistan,-0.013863142955212982,1.8840864386060127e-05,-0.07012879371746471
thailand,-0.014726292242221665,0.00729337621437863,0.05481608489212399
timor-leste,-0.014019203121435078,0.0013341002441889676,-0.04753835795172675
togo,-0.014222867941327757,0.003050566855652733,-0.018056926892769665
tonga,-0.01421576623459486,0.0029907143858062006,-0.019084932011951147
trinidad and tobago,-0.014193496913429828,0.0028030307875299577,-0.022308519949242565
tunisia,-0.014409241007240494,0.004621300304286234,0.008921442257327859
turkmenistan,-0.013706684876048142,-0.0012997720856644992,-0.09277682923457399
tuvalu,-0.014347672674127334,0.0041024085871605,9.139341944793683e-06
türkiye,-0.01464630316230648,0.006619236296505376,0.043237293099650576
uganda,-0.014072090783830737,0.0017798321418645248,-0.03988262254485283
ukraine,-0.014726650672033891,0.0072963970247746715,0.05486796927649725
united arab emirates,-0.015389649226235834,0.012884082135713631,0.15084009729641096
united kingdom of great britain and northern ireland,-0.014954188453932463,0.009214062558180155,0.08780512275192646
united republic of tanzania,-0.014461466640633714,0.005061452688135583,0.016481345883314655
united states of america,-0.015028963448962101,0.00984425869322388,0.09862915147746568
uruguay,-0.014998356804661323,0.009586308974372498,0.09419869719294614
uzbekistan,-0.014541043160029144,0.005732115587455798,0.02800041761943655
vanuatu,-0.014252959628877515,0.003304176570816003,-0.013701014995892363
"venezuela, bolivarian republic of",-0.014248323409976999,0.0032651029843695674,-0.014372129270620045
viet nam,-0.014669059967258449,0.0068110283590924825,0.046531446585103504
yemen,-0.014072559853805958,0.001783785416422857,-0.03981472248168223
zambia,-0.014525817638701139,0.00560379642553367,0.025796452508501905
zimbabwe,-0.013681805497516861,-0.0015094529848272325,-0.09637823512954484
