country,rule_of_law,regulatory_quality,government_effectiveness,control_of_corruption,LEGAL_WGI_SCORE,rank
Denmark,0.9959884734264756,0.9516701741782122,0.9176349563611014,1.0,0.9663234009914472,1
Finland,1.0,0.959543796743575,0.8961328588524048,0.97808260574282,0.9584398153347,2
Singapore,0.8603894069067882,1.0,1.0,0.92662256356917,0.9467529926189896,3
Luxembourg,0.938604332943646,0.9295816697098692,0.9461169059187472,0.9375681638617304,0.937967768108498,4
Norway,0.9830091422424684,0.889221903524776,0.9019489305784836,0.9249880784326772,0.9247920136946012,5
Switzerland,0.9390499266795548,0.9133617653526964,0.9013282642098684,0.9356056834018648,0.922336409910996,6
New Zealand,0.91629043522423,0.930983426573032,0.9033251995756246,0.917528097653318,0.9170317897565512,7
Sweden,0.9303078526538816,0.8895435363946762,0.8865951696142947,0.9265037729686912,0.908237582907886,8
Netherlands,0.9256282193845768,0.9015490999426632,0.8814974627805683,0.9132709596134476,0.905486435430314,9
Australia,0.8696698416344153,0.9016674927045318,0.894310073912639,0.8999458020757428,0.8913983025818323,10
Liechtenstein,0.9305071088099732,0.8569530612531371,0.8682839058908527,0.8776628682319055,0.883351736046467,11
Ireland,0.8982784310699922,0.918971840207204,0.8499545174068001,0.8357412976924156,0.875736521594103,12
Germany,0.9064319163220674,0.8478558948449597,0.8352988629284321,0.8818862991516789,0.8678682433117846,13
Iceland,0.906929749145206,0.8075971728269175,0.8576849860906499,0.8946147924121619,0.8667066751187339,14
Japan,0.8794111774754142,0.8074415153793613,0.9569415429979288,0.7862086502442146,0.8575007215242297,15
Canada,0.8674053197892144,0.8152583650881003,0.8830982587068588,0.8493711749484089,0.8537832796331456,16
Monaco,0.840087092589831,0.7528515582961375,0.8781393736145618,0.8880578959193062,0.8397839801049591,17
Greenland,0.8942975429104,0.8491591270465432,0.7918510716944108,0.8150993054954645,0.8376017617867046,18
"Hong Kong SAR, China",0.7396822893477144,0.9058915516062506,0.8557714875101083,0.8356421063921704,0.834246858714061,19
Estonia,0.8734662605172272,0.8237747015015892,0.7793055705721805,0.8579673177417875,0.8336284625831961,20
Austria,0.9187240716507348,0.8125828182444349,0.8281592794080305,0.7718328507340729,0.8328247550093182,21
United Kingdom,0.8222365138396556,0.851017562272877,0.7541328384592416,0.8213039430529349,0.8121727144061772,22
"Taiwan, China",0.826534456350682,0.7992436444574658,0.823824541896114,0.7462153705294812,0.7989545033084358,23
Belgium,0.8252849768784076,0.7867847138963563,0.7563405106636703,0.8118894777767601,0.7950749198037986,24
"Jersey, Channel Islands",0.9056895913216492,0.743609436339835,0.7757148915413875,0.7102504248314908,0.7838160860085907,25
Lithuania,0.8469180156973253,0.7983126991834042,0.7578571286435317,0.7025212466294602,0.7764022725384304,26
Andorra,0.8553569468676198,0.7528515582961375,0.7483218874833727,0.744671276538498,0.7753004172964071,27
United States,0.7493373407905577,0.8129252550309425,0.7934522943498854,0.7241430200228565,0.7699644775485605,28
France,0.7533287098902055,0.763414357030002,0.757679407168053,0.7543191641957685,0.7571854095710073,29
Czechia,0.8028873972515947,0.7839914701542381,0.7524299644202189,0.6883391424311248,0.7569119935642942,30
French Guiana,0.7451746095039509,0.7428687977123849,0.7768054541200321,0.7490539374121047,0.7534756996871181,31
"Korea, Rep.",0.7861661338776609,0.7316257085059343,0.8219184998465796,0.6696112872852561,0.7523304073788578,32
San Marino,0.7957123302297686,0.6960320548282782,0.6896094767657862,0.744671276538498,0.7315062845905829,33
Bermuda,0.7110845120782897,0.6392124313839679,0.8194270302752676,0.744671276538498,0.7285988125690057,34
United Arab Emirates,0.6393360184886622,0.758510919476725,0.7709899887985834,0.7432889399609328,0.7280314666812258,35
"Macao SAR, China",0.7233853502624885,0.8174608687806757,0.7386396493489932,0.6061550028466088,0.7214102178096916,36
Guam,0.7665809477187762,0.5823929279161085,0.7731074863885742,0.744671276538498,0.7166881596404893,37
Uruguay,0.7466814279942503,0.643604841241761,0.6430866750308581,0.8254790305639254,0.7147129937076987,38
Latvia,0.7799979705303883,0.7522960193373244,0.6549228624113261,0.6639991781620507,0.7128040076102724,39
Anguilla,0.6715566285072911,0.6960320548282782,0.7376648875952656,0.744671276538498,0.7124812118673334,40
Aruba,0.8104415525409407,0.7237608202262059,0.6355191270576264,0.674031951960254,0.7109383629462567,41
Israel,0.663674724995393,0.7556697571400685,0.751373585095167,0.6704753108327239,0.7102983445158382,42
Cayman Islands,0.7181887913514785,0.7463224398315098,0.7539846511351916,0.6132999932310037,0.7079489688872959,43
Portugal,0.7754486274120684,0.6659946305739108,0.7008084900960423,0.6637773820950443,0.7015072825442665,44
Slovenia,0.7533295616144539,0.6799132186334464,0.7326672824443659,0.6293536582748728,0.6988159302417848,45
Chile,0.6852842940794684,0.6757243848177478,0.7046212704374644,0.7284868958802915,0.698529211303743,46
Brunei Darussalam,0.6608096429191043,0.7012206044197644,0.675589716150078,0.7469558702339752,0.6961439584307305,47
Qatar,0.6612793215240347,0.7202669380054081,0.7427594501086879,0.6478454257186291,0.6930377838391899,48
American Samoa,0.7788618177011534,0.5823929279161085,0.660358448921168,0.744671276538498,0.6915711177692321,49
Spain,0.742235853280183,0.6373635462831354,0.7374906473315523,0.6386005529805848,0.6889226499688639,50
Barbados,0.6939718340942426,0.5940917116788317,0.6237918005379752,0.7560535758934764,0.6669772305511315,51
Martinique,0.7110845120782897,0.6392124313839679,0.7020023211372485,0.6012847260884057,0.6633959976719779,52
Seychelles,0.6630077775909506,0.5818951216255273,0.6287771652991194,0.7572077747781683,0.6577219598234414,53
Cyprus,0.6848432665318909,0.6658564656929137,0.6833244072069079,0.596756069958427,0.6576950523475349,54
Poland,0.6582789335872987,0.6529598610384753,0.6392512331238153,0.6568624135097586,0.651838110314837,55
Bhutan,0.708756678730631,0.4664853582538819,0.6184612118668625,0.8126839502318393,0.6515967997708036,56
Mauritius,0.6728772032952928,0.7139484981887754,0.659902814449661,0.5526412159451819,0.6498424329697279,57
Italy,0.668285061033495,0.641997324765095,0.6659524417960483,0.6015085441230796,0.6444358429294295,58
Réunion,0.6715566285072911,0.6392124313839679,0.660358448921168,0.6012847260884057,0.6431030587252082,59
Saudi Arabia,0.5715553532868193,0.6588200388027837,0.6639339004579163,0.647385474028032,0.6354236916438878,60
Malaysia,0.6034431520554201,0.6516738574552586,0.6934615161921491,0.5889252878810932,0.6343759533959803,61
Oman,0.6281011841782475,0.6533629579186196,0.615468245666464,0.5909591805626777,0.6219728920815022,62
Palau,0.7988426534323861,0.6038513400589731,0.4902608721275455,0.5904271503201074,0.620845503984753,63
Costa Rica,0.667702316034601,0.6280029835743839,0.5524443654072121,0.6304767004759575,0.6196565913730386,64
Malta,0.6938310393441952,0.6063606475321023,0.6278178780931746,0.5357099250258983,0.6159298724988426,65
St. Kitts and Nevis,0.6614819372591056,0.6035632526047786,0.643290000257385,0.5543913668230307,0.6156816392360751,66
Samoa,0.7709085586244522,0.4639793861260911,0.5855927782688657,0.6325162454762494,0.6132492421239146,67
"Bahamas, The",0.5811705156440334,0.4626548461068061,0.6473132479243106,0.7575050040253241,0.6121609034251185,68
Virgin Islands (U.S.),0.6588470100019163,0.7528515582961375,0.5721848350060593,0.4578981067075974,0.6104453775029277,69
Bahrain,0.5615197703770355,0.7164053519575176,0.6228221146155958,0.5327855623788285,0.6083831998322443,70
Antigua and Barbuda,0.6641610358821726,0.6406665699656471,0.5845775895397985,0.5397524817470315,0.6072894192836624,71
Cook Islands,0.74277449789022,0.502957071585989,0.6062038877005105,0.5743366073432076,0.6065680161299818,72
Cabo Verde,0.6221492168360049,0.4992239803171433,0.581259298485071,0.6905682698771713,0.5983001913788477,73
Botswana,0.5956234953906696,0.5848368242281404,0.5816397837013079,0.6194257740494328,0.5953814693423877,74
Slovak Republic,0.6545011343429153,0.5855019256820271,0.635697634613181,0.4998720416143004,0.593893184063106,75
Georgia,0.557031514814525,0.6443713467920515,0.5904838358803152,0.5619708045331229,0.5884643755050036,76
St. Vincent and the Grenadines,0.6405054831996092,0.5138748326478478,0.5482516613353219,0.636400881927152,0.5847582147774828,77
Fiji,0.5941316530517363,0.5040083532404259,0.6247779716825208,0.6036971862619612,0.581653791059161,78
Croatia,0.6110963202886324,0.5569885622849946,0.6474174372235328,0.5085713736894489,0.5810184233716522,79
St. Lucia,0.6408558257737483,0.532026837772282,0.5482516613353219,0.577640295720124,0.5746936551503691,80
Puerto Rico (U.S.),0.650974404479729,0.6450348885520749,0.4306896352377328,0.5657878429285885,0.5731216927995313,81
Rwanda,0.5455117077660289,0.5530840966535088,0.5663714808711007,0.6181280843910484,0.5707738424204216,82
Greece,0.592362692765012,0.6034857718127086,0.5309676695146872,0.5432665007152021,0.5675206587019025,83
Romania,0.6095859292882915,0.5804027585465524,0.5819172250492906,0.4803768497385297,0.5630706906556661,84
Kuwait,0.57639882517889,0.5852158778275,0.5616524624991516,0.5245780509619488,0.5619613041168726,85
Dominica,0.6158230586406703,0.5027467768626372,0.5214828497765488,0.5968681513025538,0.5592302091456025,86
Grenada,0.6497548299921729,0.5003615970257357,0.4925331376547943,0.58446850351094,0.5567795170459108,87
Hungary,0.5672923551289806,0.5687865665727131,0.6007344997473987,0.4834704832470557,0.555070976174037,88
Jordan,0.5616608253761588,0.5546211869534248,0.5365686697319597,0.5369506319591014,0.5474503285051612,89
Tuvalu,0.8107482679063609,0.3918803297288807,0.3328173878038014,0.6073795110615646,0.5357063741251519,90
"Micronesia, Fed. Sts.",0.7529219642436225,0.3052424310156402,0.4465082614994644,0.6370895457332553,0.5354405506229956,91
Namibia,0.5993551122535888,0.5207625847198711,0.5103207148315747,0.5034794387256714,0.5334794626326764,92
Montenegro,0.5647009604444827,0.5189420860473505,0.5703214658749387,0.4607528263546575,0.5286793346803573,93
China,0.3847261615454499,0.4712853761063778,0.6891968521041544,0.4947851845465974,0.5099983935756449,94
Marshall Islands,0.7195116137451354,0.3234067457239493,0.4226644314442272,0.5641872946812462,0.5074425213986395,95
Kiribati,0.7077496331020359,0.368070595103593,0.3904651990446836,0.5604726413758645,0.5066895171565442,96
Nauru,0.5813633365502485,0.3625307064729334,0.4902608721275455,0.5904271503201074,0.5061455163677087,97
Jamaica,0.5034115933061194,0.5101982502874335,0.5264733352879027,0.4522886169515979,0.4980929489582634,98
Tonga,0.6860440084499564,0.4417243783390195,0.4796364833328789,0.3826807945836633,0.4975214161763795,99
Bulgaria,0.513899015929633,0.557506332657026,0.4976260157109107,0.4192603035681158,0.4970729169664213,100
India,0.5125063521476145,0.4653395111607493,0.578880822309833,0.4065498931321157,0.4908191446875781,101
Albania,0.4937509583376482,0.5209616256521169,0.5581594370732343,0.3777313623866498,0.4876508458624123,102
Senegal,0.4733636608679151,0.4304083914409279,0.5406565780999978,0.5003824046351586,0.4862027587609999,103
Dominican Republic,0.4786659518807503,0.5381406457540513,0.5047744931658872,0.4134072356388712,0.4837470816098899,104
Ghana,0.534556120714026,0.4668307464610846,0.501390059087618,0.4299534336250741,0.4831825899719507,105
Armenia,0.4880983957276945,0.5215032713379018,0.4062498891065607,0.507652205569225,0.4808759404353455,106
Moldova,0.4836178766604395,0.4771769157149834,0.5458728258091919,0.4074128827188443,0.4785201252258648,107
Kazakhstan,0.43151707632592,0.4996826502894011,0.5209712014847659,0.4589937374606411,0.477791166390182,108
North Macedonia,0.468571339748757,0.5522919161426995,0.4807448337806728,0.3987641228122942,0.4750930531211059,109
Thailand,0.470800041857515,0.51392555869134,0.5449748079303172,0.3532413129720577,0.4707354303628075,110
Indonesia,0.4729084142571921,0.518318664412549,0.5283917749432079,0.3492732933317666,0.4672230367361789,111
South Africa,0.5259758269775187,0.4739666098338218,0.4372699340137433,0.4303409621101181,0.4668883332338004,112
Kosovo,0.5341223801405729,0.4348948388410322,0.4742423120133294,0.4158803318655533,0.4647849657151219,113
Serbia,0.4744510524839344,0.5071920003541704,0.5109058952996139,0.345547932788508,0.4595242202315567,114
Argentina,0.462313437788322,0.4319965197231087,0.5292775524323272,0.399571416380539,0.4557897315810742,115
Panama,0.4594631425913441,0.4706829023599247,0.5430674856932303,0.3470897061120544,0.4550758091891383,116
Maldives,0.5322800532734591,0.4319185830205246,0.4383090195771221,0.3972172256388625,0.4499312203774921,117
Morocco,0.434768793892929,0.4819884273114872,0.5276173513117183,0.3552298032887396,0.4499010939512184,118
Trinidad and Tobago,0.433886454889691,0.4388236836873658,0.5130046392649333,0.3963291222946245,0.4455109750341536,119
Vanuatu,0.6215247136899366,0.410466625610725,0.3045484434873333,0.439804804755815,0.4440861468859525,120
Philippines,0.3859923206175872,0.5074190197947946,0.5204675038314666,0.3419203849311756,0.438949807293756,121
Viet Nam,0.4475137352956019,0.4243707445102674,0.4672794842128843,0.4165763942351679,0.4389350895634804,122
Colombia,0.3893577433717459,0.4916051877337516,0.4630565946660738,0.4069213148065337,0.4377352101445263,123
Azerbaijan,0.4069534909586277,0.5207597052850466,0.5253180446298535,0.296320119943122,0.4373378402041625,124
Mongolia,0.4981828818047356,0.4714151426358033,0.4005924707992588,0.3627509256131421,0.433235355213235,125
Benin,0.4241989669483911,0.4218617729712012,0.4463642965483942,0.4191000626304484,0.4278812747746087,126
Belize,0.4278257270927404,0.3803941682326592,0.4590148179687843,0.4375510920210811,0.4261964513288163,127
Sri Lanka,0.4608073054092227,0.4165945428231346,0.4263528539176187,0.3860005667943003,0.4224388172360691,128
Tunisia,0.4355517650671972,0.3947819122062721,0.4342528688441563,0.423824298178469,0.4221027110740237,129
Guyana,0.4427138432942367,0.3810166540511427,0.4659446304060355,0.3947054363036298,0.4210951410137612,130
Peru,0.4021261545092612,0.5082632940806378,0.442997246069521,0.3088857758756372,0.4155681176337643,131
Côte d’Ivoire,0.3850043204895447,0.4483298258217876,0.4171004219093903,0.408913986919983,0.4148371387851765,132
Brazil,0.4162167255882404,0.4177162986449019,0.4376990214381105,0.3804586521168324,0.4130226744470213,133
Tanzania,0.3988971969068877,0.3599279853350384,0.4223260576606355,0.4068327388365442,0.3969959946847765,134
El Salvador,0.3530137706539877,0.4461018631263055,0.4468677471479554,0.3419268873953798,0.3969775670809071,135
Türkiye,0.3222438836203041,0.4377046153381014,0.4721265662589367,0.3449995659662586,0.3942686577959002,136
Niue,0.7541483998431787,0.2712372655495179,0.1897557999570845,0.361276773321938,0.3941045596679298,137
Solomon Islands,0.5580700978993145,0.2752016954112246,0.2929218924334312,0.4422175406522343,0.3921028065990511,138
São Tomé and Príncipe,0.4382317627325264,0.2746224251103993,0.326598775700495,0.5167242919792999,0.3890443138806801,139
Bosnia and Herzegovina,0.446283537913949,0.4044444316469562,0.3453203956830638,0.3565677714621413,0.3881540341765276,140
Lesotho,0.4255931449068511,0.3720500460169677,0.3426763816581376,0.4049206467300348,0.3863100548279978,141
Kenya,0.4118838150650194,0.4083509848686899,0.4211043320064451,0.2901733612101403,0.3828781232875737,142
"Gambia, The",0.4285252292906739,0.3290549970851721,0.3676657325190501,0.3976136691631687,0.3807149070145162,143
Zambia,0.3890185441898554,0.3874528147615185,0.3682875892374946,0.3694437534778418,0.3785506754166776,144
Suriname,0.4724405337367857,0.2679364254384149,0.3859774903499687,0.3878149151455993,0.3785423411676922,145
Malawi,0.4871743222362891,0.348029872696587,0.3250071656813789,0.3253668573121772,0.3713945544816081,146
Paraguay,0.3837170812422616,0.4545131481592792,0.4083878696973901,0.2389219493367509,0.3713850121089205,147
Uzbekistan,0.3665353662760873,0.3619978670586537,0.455758829374941,0.3010904701401099,0.3713456332124479,148
"Egypt, Arab Rep.",0.343980596207447,0.3685425584666241,0.4662101682557238,0.2843923488559637,0.3657814179464397,149
Ukraine,0.3513955419002077,0.4162012840119741,0.3535120687772453,0.3199166894176324,0.3602563960267648,150
Algeria,0.3569369071777429,0.3077919066045716,0.4315926615696636,0.3380651589190763,0.3585966585677635,151
Nepal,0.4499460941357343,0.3558576642576594,0.2893485296237421,0.3290566496060081,0.356052234405786,152
Togo,0.3720588453444078,0.3904636717905009,0.3080057134995058,0.3219856908105383,0.3481284803612382,153
Mexico,0.248794591342824,0.4414117197076557,0.4386131427288289,0.2582245487921706,0.3467610006428698,154
Burkina Faso,0.3126753058476714,0.3622816833511917,0.2915185822816742,0.4163792523875647,0.3457137059670255,155
Cuba,0.3742566251311508,0.143543809221126,0.4274765441566108,0.4224175601274593,0.3419236346590867,156
Ecuador,0.2934693262513409,0.3332786480669574,0.4386850578260717,0.296181707065504,0.3404036848024685,157
Timor-Leste,0.3737586976719845,0.3122075439032826,0.2861968426262746,0.3876671966213288,0.3399575702057176,158
Uganda,0.3470599579092073,0.3625887750752282,0.4093702227387092,0.2179483084884822,0.3342418160529067,159
Papua New Guinea,0.386615782767352,0.3443236561527703,0.2857736171133316,0.2912023589377703,0.326978853742806,160
Lao PDR,0.3461390547247262,0.3357748781069251,0.3573170781556297,0.2492592130841895,0.3221225560178676,161
Ethiopia,0.2736224241581552,0.2884538382806222,0.3429229188294163,0.3738015763168029,0.3197001893962491,162
Eswatini,0.3183490905868123,0.3353013790453209,0.3125689083409519,0.2940035653723515,0.3150557358363591,163
Niger,0.2980385429354549,0.3054377286826141,0.3151461729377065,0.3326613124656467,0.3128209392553556,164
Guatemala,0.2941230009529139,0.414144215773328,0.2837695845674603,0.2565269920505881,0.3121409483360726,165
West Bank and Gaza,0.2877059448530789,0.3761838586322276,0.2412716026596098,0.3432471403747836,0.312102136629925,166
Cambodia,0.2718865628220804,0.336892122814134,0.4220900988812373,0.191136121115128,0.3055012264081449,167
Djibouti,0.2827371748604788,0.2837608394224382,0.3772738769914047,0.2697284878838872,0.3033750947895522,168
Mauritania,0.3174896061842373,0.3016720518096707,0.3215288961014605,0.259863307633052,0.3001384654321052,169
Angola,0.245038416430745,0.3029032981406409,0.3116594136929669,0.3313595558950215,0.2977401710398435,170
Gabon,0.2483591473208742,0.3147958918623452,0.3606291030291798,0.2591666708408044,0.2957377032633009,171
Kyrgyz Republic,0.3003169999357186,0.3643968921780032,0.2884560367648304,0.2132845481552508,0.2916136192584507,172
Russian Federation,0.2481666576407556,0.2320538684666973,0.4157896446122992,0.2696529398192112,0.2914157776347408,173
Pakistan,0.2811526601915277,0.2981559979407241,0.3531787259061403,0.229561663603309,0.2905122619104253,174
Madagascar,0.3129478812661384,0.3087656834716482,0.2941406309833327,0.2423614542009848,0.289553912480526,175
Sierra Leone,0.3233888139410982,0.2342992517428679,0.2708032835508072,0.3130458364905516,0.2853842964313312,176
Bangladesh,0.2946469533196674,0.2604194448713606,0.3489906484769833,0.2211674648307445,0.2813061278746889,177
Honduras,0.2433674280915834,0.3376932295728994,0.3488338367315275,0.1884177004703969,0.2795780487166018,178
Mozambique,0.2390739807918674,0.305185370215534,0.3272457196030807,0.2304378419336885,0.2754857281360427,179
Nigeria,0.2835542150046795,0.336430621397632,0.2619346832139966,0.2183105164238689,0.2750575090100442,180
Tajikistan,0.2417277642775542,0.3063141566573312,0.3530425543775384,0.1946062771710521,0.273922688120869,181
Belarus,0.2306398050819594,0.1927051678296584,0.3304455147012022,0.341572767330664,0.273840813735871,182
Liberia,0.3164263467552536,0.2863941545553439,0.2080985068835684,0.233752398386819,0.2611678516452462,183
Cameroon,0.225169416825117,0.3135448494169564,0.3081562366043532,0.1931061150230313,0.2599941544673645,184
Guinea,0.2501984931531189,0.2744191850023676,0.288532533585945,0.204556104341068,0.2544265790206249,185
Mali,0.2628752256389062,0.3054786406524127,0.1989243010726219,0.249037991439816,0.2540790397009392,186
Bolivia,0.2218570375644226,0.1873874755862919,0.3509125918034846,0.2451953797487346,0.2513381211757334,187
Lebanon,0.2650038501484875,0.2583057957384124,0.23419032382142,0.1747592858980025,0.2330648139015806,188
Burundi,0.2135513775799822,0.293104197508113,0.2620474295563323,0.1383744142784739,0.2267693547307254,189
"Iran, Islamic Rep.",0.229645771907158,0.1257380321390517,0.3294175465560416,0.2108091772149426,0.2239026319542985,190
Zimbabwe,0.2352908109529183,0.2057094633465343,0.2661927666887832,0.1868176117611609,0.2235026631873492,191
Iraq,0.2004599736803012,0.2411091870887582,0.2405317890108969,0.1975337417003397,0.219908672870074,192
Comoros,0.2542372985615963,0.1887843854008335,0.2165647015997358,0.2122924743144622,0.2179697149691569,193
"Congo, Rep.",0.2429518103174137,0.2120709507137938,0.2385658476595678,0.1473169109425719,0.2102263799083368,194
Chad,0.1799973459326062,0.2273585420653633,0.240842649991827,0.1548202261653553,0.2007546910387879,195
Nicaragua,0.1385822306994021,0.2505900381873046,0.2515162249398233,0.1452205900092463,0.1964772709589441,196
Guinea-Bissau,0.2296394076343026,0.2027713120468714,0.1808504559915764,0.1651354320836914,0.1945991519391104,197
Turkmenistan,0.1874443732387201,0.0832161943253777,0.2501323646550907,0.1763473117319481,0.1742850609877841,198
Equatorial Guinea,0.1573541621551898,0.1526858948125661,0.2224234237847976,0.1359370930933674,0.1671001434614802,199
Central African Republic,0.1160834141820747,0.1841174934183918,0.1339246646908057,0.1734182617961938,0.1518859585218665,200
Myanmar,0.093180430849916,0.1477255644262144,0.1380218263443103,0.1865758947172464,0.1413759290844218,201
"Congo, Dem. Rep.",0.1369488128631938,0.180089212089451,0.1076707355818427,0.1262308670735018,0.1377349069019973,202
"Korea, Dem. People's Rep.",0.1608300251535464,0.0386815595834849,0.2024797861754388,0.1165706408180771,0.1296405029326368,203
Libya,0.120054554830825,0.0710878468774149,0.1691998958062089,0.122495718368579,0.1207095039707569,204
Haiti,0.1424400210461062,0.1372408463666751,0.0352970392226557,0.1204843890080139,0.1088655739108627,205
Afghanistan,0.0638700679517435,0.1192397476223366,0.053644193116427,0.173706047535265,0.102615014056443,206
Sudan,0.102239417272982,0.0894197686878019,0.0851009616544299,0.116559336180662,0.098329870948969,207
Eritrea,0.0953033062208212,0.0,0.1609593285312974,0.0991648768040374,0.088856877889039,208
"Yemen, Rep.",0.0718902583589578,0.1082756036645127,0.0673890053809652,0.0985347351757717,0.0865224006450518,209
"Venezuela, RB",0.000278111626081,0.0317437533360952,0.1586974841799139,0.1097333341727562,0.0751131708287116,210
Syrian Arab Republic,0.0927181338551375,0.0090917194773009,0.1123416458531378,0.083427764584694,0.0743948159425676,211
Federal Republic of Somalia,0.0,0.0738477611614392,0.0500381742944358,0.0640153814756788,0.0469753292328884,212
South Sudan,0.0551063695937661,0.0253981988415313,0.0,0.0,0.0201261421088243,213
