QSSI_RANK,country,QSSI_SCORE,QSSI_TIER,CONFIDENCE_SCORE,CONFIDENCE_TIER,AI_INDEX,LEGAL_WGI_SCORE,PQC,RES_INDEX
1,Denmark,0.9675112696355241,Platinum,1.0,A,0.9129101593157498,0.9584398153347,0.9027187765505524,0.7176088170442433
2,Republic of Korea,0.9333362736572122,Platinum,0.25,D,0.9183507486626918,0.9237964433958976,0.876683299097162,0.6550812476968273
3,Norway,0.9282912233058533,Platinum,1.0,A,0.890230870661846,0.9247920136946012,0.796516567544605,0.7233035359814183
4,Singapore,0.9224904660748425,Platinum,1.0,A,0.8926495831531893,0.9467529926189896,0.8584324553950722,0.6450186156262884
5,United Kingdom of Great Britain and Northern Ireland,0.9102055040631417,Platinum,0.25,D,0.9240477396822298,0.8930701923746656,0.8818428894553321,0.6013594754184688
6,Netherlands,0.9091247509897454,Platinum,0.75,B,0.9102167307466248,0.905486435430314,0.8230671197960918,0.6422474180084509
7,Ireland,0.8870826028713114,Platinum,1.0,A,0.8259901416078436,0.875736521594103,0.7787807986406118,0.7233035359814183
8,Australia,0.8861420356033753,Platinum,1.0,A,0.906168036193777,0.8913983025818323,0.884983007646559,0.5490572416395311
9,Germany,0.8803323286980798,Platinum,1.0,A,0.89455549229934,0.8678682433117846,0.9203483432455396,0.5402794163871945
10,Luxembourg,0.8692613590182156,Platinum,1.0,A,0.762188958278292,0.937967768108498,0.7787807986406118,0.6912954714143279
11,Finland,0.8519107261821574,Gold,1.0,A,0.8135522384731969,0.9584398153347,0.9734494477485132,0.43820065135753
12,Canada,0.8475741605719231,Gold,1.0,A,0.8640010094156945,0.8537832796331456,0.9823704333050128,0.4474138939284242
13,Estonia,0.8468442129321457,Gold,0.75,B,0.8512163435893891,0.8336284625831961,0.9823704333050128,0.475594875649424
14,Sweden,0.8369949390169176,Gold,1.0,A,0.807195928866983,0.908237582907886,0.7610450297366185,0.5811283859477431
15,France,0.8330898230228764,Gold,1.0,A,0.947399817300537,0.7571854095710073,0.9027187765505524,0.441822938333823
16,United States of America,0.8330898230228764,Gold,0.25,D,0.947399817300537,0.7571854095710073,0.9027187765505524,0.441822938333823
17,Japan,0.8210516481167399,Gold,1.0,A,0.8297091768673535,0.8575007215242297,0.8318819031435853,0.5028744758535763
18,Switzerland,0.8103037095142867,Gold,1.0,A,0.7265760665428697,0.922336409910996,0.796516567544605,0.556696497294005
19,United Arab Emirates,0.8076381340072227,Gold,1.0,A,0.7817914268610413,0.7280314666812258,0.840696686491079,0.6142531708339929
20,Taiwan,0.8007265317092781,Gold,0.25,D,0.7590376695795309,0.8272813817603069,0.819514513272701,0.5533431744083802
21,Belgium,0.80028890540535,Gold,1.0,A,0.7715866701521545,0.7950749198037986,0.955819881053526,0.4741843546733551
22,Austria,0.7985233446339347,Gold,1.0,A,0.8154764620245336,0.8328247550093182,0.8584324553950722,0.4541127096524097
23,Lithuania,0.7973146527600518,Gold,0.75,B,0.774994360523512,0.7764022725384304,0.9646346644010196,0.4707464799936863
24,Spain,0.7943751344364643,Gold,1.0,A,0.8851748838237983,0.6889226499688639,0.9027187765505524,0.4507107159205246
25,Poland,0.7708366380716357,Gold,0.75,B,0.8372766592295362,0.651838110314837,0.9380841121495328,0.4404477128866552
26,Iceland,0.768916725836566,Gold,1.0,A,0.7126327491624229,0.8667066751187339,0.7875955819881053,0.4998310502301324
27,Czechia,0.767921617850964,Gold,0.5,C,0.7541098835777815,0.7569119935642942,0.9107676570051112,0.4577936282987154
28,Israel,0.755298709263204,Gold,0.75,B,0.8330814494352046,0.7102983445158382,0.907648260705248,0.3721529253472198
29,Saudi Arabia,0.748378264315744,Gold,1.0,A,0.8473691074935811,0.6354236916438878,0.7875955819881053,0.4748710573334173
30,Slovenia,0.7375401382142214,Gold,0.75,B,0.7389614484756891,0.6988159302417848,0.9027187765505524,0.4363292326136916
31,Italy,0.7373427020582872,Gold,1.0,A,0.7930010538413984,0.6444358429294295,0.8937977909940527,0.4252730928791866
32,New Zealand,0.7321828670197931,Gold,1.0,A,0.7427354269507555,0.9170317897565512,0.6460280373831776,0.4102926180501374
33,Portugal,0.7286671425532509,Gold,1.0,A,0.7673731459526376,0.7015072825442665,0.8496176720475787,0.4112874191223301
34,Cyprus,0.7086460938026848,Gold,1.0,A,0.6912733086887354,0.6576950523475349,0.8672472387425658,0.4598269958805703
35,India,0.6996441310166055,Gold,1.0,A,0.7804532642756392,0.4908191446875781,0.7610450297366185,0.5379361059928162
36,Greece,0.6903429335436105,Gold,1.0,A,0.713970911747825,0.5675206587019025,0.8584324553950722,0.4584474136236569
37,Latvia,0.689215530491084,Gold,0.75,B,0.6839439135939636,0.7128040076102724,0.8672472387425658,0.3661012152998907
38,China,0.6793393104184358,Gold,0.75,B,0.8760530990345821,0.5099983935756449,0.6903143585386576,0.4028134361212486
39,Hungary,0.6651660760584462,Gold,1.0,A,0.7380445172095522,0.555070976174037,0.9468988954970264,0.3087459909887522
40,Chile,0.665091965653459,Silver,1.0,A,0.6894589715685118,0.698529211303743,0.8584324553950722,0.3056448142298205
41,Uruguay,0.6523571552104932,Silver,1.0,A,0.6743093254595549,0.7147129937076987,0.8141461342395921,0.3008470431696006
42,Romania,0.6467909714960554,Silver,1.0,A,0.6618152681024874,0.5630706906556661,0.9380841121495328,0.3381785657104029
43,Malta,0.6432656268529815,Silver,1.0,A,0.7284453468786497,0.6159298724988426,0.5751911639762107,0.4503893289071978
44,Jordan,0.6427334705910118,Silver,1.0,A,0.6523785054045246,0.5474503285051612,0.9468988954970264,0.3433287020041328
45,Malaysia,0.6417114580107102,Silver,1.0,A,0.694076623688973,0.6343759533959803,0.7256796941376381,0.3700095659368269
46,Serbia,0.6253921763450796,Silver,0.75,B,0.733904250630777,0.4595242202315567,0.8141461342395921,0.3593533707365106
47,Egypt,0.6194481038135639,Silver,0.5,C,0.7068441861169577,0.5862050145616416,0.6460280373831776,0.3808603910891888
48,Oman,0.6109868197574273,Silver,1.0,A,0.6513333733020896,0.6219728920815022,0.5751911639762107,0.435304029798536
49,Qatar,0.6095159390545777,Silver,1.0,A,0.6568301168714523,0.6930377838391899,0.3893372982158029,0.4902462445082824
50,Bahrain,0.6066134711157679,Silver,0.75,B,0.6466986177833073,0.6083831998322443,0.6017417162276976,0.4208806272827415
51,Liechtenstein,0.5884886884064999,Silver,0.5,C,0.3973887009210851,0.883351736046467,0.6607462132644133,0.3843256359192592
52,Brazil,0.5818359702041854,Silver,1.0,A,0.8309191386164575,0.4130226744470213,0.7168649107901445,0.2238163084764187
53,Bulgaria,0.5800366164635414,Silver,1.0,A,0.6442237510695432,0.4970729169664213,0.8141461342395921,0.2941393556945477
54,Rwanda,0.5783854176242116,Silver,1.0,A,0.5764678672268,0.5707738424204216,0.6460280373831776,0.4160237011195762
55,Croatia,0.5740443680359222,Silver,0.75,B,0.535914930118766,0.5810184233716522,0.8318819031435853,0.3175215899087967
56,Andorra,0.5738321825306107,Silver,0.5,C,0.4134003350806227,0.7753004172964071,0.6442899299938356,0.4205546047623522
57,Slovakia,0.5723410234841839,Silver,0.5,C,0.5020638543017402,0.4165408269709136,0.9380841121495328,0.4119848158582564
58,Mauritius,0.5709206527247461,Silver,1.0,A,0.5849327554430694,0.6498424329697279,0.5486406117247239,0.3852061364022879
59,Kazakhstan,0.5698505441930789,Silver,0.75,B,0.6431786189671082,0.477791166390182,0.7699660152931181,0.3096283570066364
60,Thailand,0.5680759183096611,Silver,1.0,A,0.7226189440159491,0.4707354303628075,0.5486406117247239,0.3676399120567997
61,Ukraine,0.5593559989497466,Silver,1.0,A,0.7157303056524923,0.3602563960267648,0.8937977909940527,0.2106964565756289
62,Argentina,0.5553201442839334,Silver,1.0,A,0.7006343917522271,0.4557897315810742,0.5751911639762107,0.3486768488372286
63,Brunei Darussalam,0.5525633069485464,Silver,0.75,B,0.4113295962878027,0.6961439584307305,0.5395053886175302,0.4922194845494351
64,Monaco,0.5461785135448523,Silver,0.5,C,0.3630602395623732,0.8397839801049591,0.5858467705974792,0.3811148086830341
65,Philippines,0.5440346965193992,Silver,1.0,A,0.7182405901697629,0.438949807293756,0.5486406117247239,0.3266419423350331
66,Sri Lanka,0.543821221893437,Silver,0.5,C,0.5075972266814739,0.4224388172360691,0.8369103885254695,0.3831080152572754
67,Indonesia,0.5356212374360702,Silver,1.0,A,0.6857033074986308,0.4672230367361789,0.4601741716227697,0.3733595901203665
68,Zambia,0.5346029217851107,Silver,0.75,B,0.4928847042832384,0.3785506754166776,0.7901761123531975,0.4380475743788147
69,Russian Federation,0.5307298929617672,Silver,0.75,B,0.6604954199222706,0.2914157776347408,0.592746599812476,0.4404920315660318
70,Peru,0.5297610053596593,Silver,1.0,A,0.6705341359776238,0.4155681176337643,0.681393372982158,0.2685364944856179
71,Albania,0.5268729739460356,Silver,1.0,A,0.4463222202606491,0.4876508458624123,0.955819881053526,0.2701885519067149
72,Azerbaijan,0.5265615817773337,Silver,0.75,B,0.5773847984929369,0.4373378402041625,0.7610450297366185,0.2924742011307767
73,Bhutan,0.5258195863798749,Silver,1.0,A,0.3877174839763055,0.6515967997708036,0.5044604927782498,0.4978538531478085
74,Viet Nam,0.5257688459444916,Silver,0.5,C,0.6580034498101853,0.4389350895634804,0.653101138348785,0.2704846192420818
75,Georgia,0.5228392854678167,Silver,1.0,A,0.4260787474964091,0.5884643755050036,0.637213254035684,0.4096519846418876
76,Republic of Moldova,0.5191559387659814,Silver,0.25,D,0.5928091606796755,0.4837633977746219,0.598289078286859,0.3233378088130827
77,Iran (Islamic Republic of),0.5178327395611362,Silver,0.25,D,0.5408427161205154,0.526401738309983,0.6523143827767136,0.3072934820839419
78,Kuwait,0.5128044998515102,Silver,1.0,A,0.4451672017271014,0.5619613041168726,0.3539719626168224,0.5664796184894159
79,Dominican Republic,0.5126702993314083,Bronze,1.0,A,0.49687845562053,0.4837470816098899,0.7787807986406118,0.2916710080424913
80,Türkiye,0.511667612293476,Bronze,0.5,C,0.6721103858304366,0.3942686577959002,0.6518347634554611,0.2496399539858883
81,Benin,0.5093724820179744,Bronze,1.0,A,0.4745324592805576,0.4278812747746087,0.5841121495327103,0.4796786347655915
82,Montenegro,0.5080848342078924,Bronze,1.0,A,0.4093138007105392,0.5286793346803573,0.7875955819881053,0.3333746476230859
83,Ghana,0.501533000257028,Bronze,1.0,A,0.5177079893507044,0.4831825899719507,0.6282922684791844,0.3350681388628944
84,Colombia,0.5011577004054464,Bronze,0.75,B,0.6453604551979052,0.4377352101445263,0.6541762347296401,0.2117285367743431
85,Bangladesh,0.4984397901854976,Bronze,1.0,A,0.5512465092727128,0.2813061278746889,0.6637638062871708,0.4272125185465458
86,San Marino,0.49301065513500547,Bronze,0.5,C,0.3385482993830599,0.7315062845905829,0.5259708395098438,0.3767910414534623
87,United Republic of Tanzania,0.4854324142051015,Bronze,0.25,D,0.4235684629791386,0.5002668069016047,0.6409384645009437,0.3697029118579248
88,South Africa,0.48194597550633744,Bronze,0.75,B,0.5727305175621046,0.4668883332338004,0.5044604927782498,0.3105128330477938
89,Uzbekistan,0.4792116715304738,Bronze,0.75,B,0.6344231222816007,0.3713456332124479,0.5398258283772303,0.287282395255344
90,Costa Rica,0.4777087825916891,Bronze,1.0,A,0.5350895708785564,0.6196565913730386,0.4689889549702634,0.2405479830122125
91,North Macedonia,0.4600058248788774,Bronze,0.75,B,0.3794552652239404,0.4750930531211059,0.8496176720475787,0.2259479988698936
92,Ethiopia,0.4590409868498292,Bronze,0.75,B,0.4576270522875272,0.3197001893962491,0.5929269328802039,0.4300185938850485
93,Morocco,0.4531584835291079,Bronze,1.0,A,0.4340845645761779,0.4499010939512184,0.796516567544605,0.2001909856827422
94,Kenya,0.4447328292632279,Bronze,1.0,A,0.6230120368442038,0.3828781232875737,0.4955395072217502,0.2175382202561744
95,Tunisia,0.4386877272480286,Bronze,1.0,A,0.4144454671830577,0.4221027110740237,0.796516567544605,0.2013285318234645
96,Nigeria,0.436667442656433,Bronze,1.0,A,0.5835579640472963,0.2750575090100442,0.5751911639762107,0.2713867808869889
97,Mongolia,0.43451390391531075,Bronze,1.0,A,0.427361966866255,0.433235355213235,0.4867247238742566,0.3697003596208008
98,Panama,0.4320087286195333,Bronze,1.0,A,0.3780987882333529,0.4550758091891383,0.5751911639762107,0.3411463829258876
99,Côte D'Ivoire,0.43158428181213243,Bronze,0.25,D,0.4542193619161699,0.4478760167243679,0.4909609358329809,0.316678098376859
100,Botswana,0.43115400027655987,Bronze,1.0,A,0.3540654446025904,0.5953814693423877,0.477909940526763,0.3168220363280914
101,Nepal,0.42970220993773967,Bronze,0.75,B,0.4195563972366614,0.356052234405786,0.4584846356153159,0.4445753857549452
102,Jamaica,0.42753805451557286,Bronze,1.0,A,0.4529910857618803,0.4980929489582634,0.4424384027187765,0.297716791509383
103,Senegal,0.42282407472462724,Bronze,1.0,A,0.4393420098712652,0.4862027587609999,0.3539719626168224,0.3666662555199322
104,Namibia,0.4137588415524626,Bronze,0.75,B,0.3713029329026881,0.5334794626326764,0.6095773646030872,0.2090060451571411
105,El Salvador,0.40826769762910053,Bronze,0.75,B,0.3990931516101961,0.3969775670809071,0.503982176866726,0.3408857799468186
106,Cabo Verde,0.4065922870375396,Bronze,0.75,B,0.3131951075720809,0.5983001913788477,0.5247252264345423,0.2561043729188966
107,Ecuador,0.40157498796420404,Bronze,1.0,A,0.6220218479573252,0.3404036848024685,0.3893372982158029,0.1945621115089828
108,Fiji,0.3982458980948024,Bronze,0.75,B,0.3599455796739829,0.581653791059161,0.3274214103653356,0.3227530387539071
109,Armenia,0.39663895376886793,Bronze,0.75,B,0.3862511205546053,0.4808759404353455,0.362786745964316,0.346327246173746
110,Seychelles,0.3842670601868656,Bronze,0.75,B,0.2132804885327768,0.6577219598234414,0.3350957773152515,0.3779320618281072
111,Mexico,0.369013909882366,Bronze,1.0,A,0.500762320526709,0.3467610006428698,0.362786745964316,0.2448524026908713
112,Kyrgyzstan,0.3664417414382034,Bronze,0.5,C,0.3000051028179664,0.4092232770434524,0.5929269328802039,0.2582999191353047
113,Algeria,0.35964907441060584,Bronze,1.0,A,0.4499496834942319,0.3585966585677635,0.3451571792693288,0.2755542924048365
114,Trinidad and Tobago,0.3554303866454198,Bronze,0.75,B,0.3066373395088269,0.4455109750341536,0.5923838454084177,0.1895207317474974
115,Antigua and Barbuda,0.35233673952603994,Bronze,1.0,A,0.2048522291268782,0.6072894192836624,0.1503823279524214,0.4546139035781736
116,Paraguay,0.3499709021115541,Bronze,0.75,B,0.3500533788601133,0.3713850121089205,0.5164647402523922,0.2345925387626072
117,Pakistan,0.3464104067322657,Bronze,1.0,A,0.5032371872404733,0.2905122619104253,0.4689889549702634,0.1501952428715164
118,Vanuatu,0.34355239641111246,Emerging,0.75,B,0.2438007646197809,0.4440861468859525,0.4197351896447051,0.3388281329013901
119,Togo,0.3407689254462136,Emerging,0.75,B,0.2933923915391562,0.3481284803612382,0.4408465156478736,0.3385973020780932
120,Maldives,0.3354275332259167,Emerging,1.0,A,0.1996851448508534,0.4499312203774921,0.2743203058623619,0.4547381138887519
121,Tuvalu,0.33373962846587024,Emerging,0.75,B,0.0953299627086195,0.5357063741251519,0.2073599002837814,0.5408179286813268
122,Uganda,0.3325531748568273,Emerging,1.0,A,0.3485503866280423,0.3342418160529067,0.2831350892098555,0.3680186843247699
123,Guyana,0.32727407639030953,Emerging,0.75,B,0.2080413576428749,0.4210951410137612,0.2309659466616048,0.4729469762846325
124,Barbados,0.327129323979612,Emerging,0.75,B,0.1717337295172703,0.6669772305511315,0.2958987356554344,0.2728533184678624
125,"Venezuela, Bolivarian Republic of",0.3266034848776059,Emerging,0.25,D,0.2070694831611816,0.4855547105221325,0.192881821285005,0.4454227729710979
126,Bosnia and Herzegovina,0.32379136713544987,Emerging,1.0,A,0.3354885827102261,0.3881540341765276,0.3717077315208156,0.2549432841158808
127,Saint Lucia,0.3206759741580185,Emerging,0.25,D,0.2017192548333025,0.4865113969740615,0.2258225987948967,0.4113072056160158
128,Democratic Republic of the Congo,0.3173883628216353,Emerging,0.25,D,0.2195818549234346,0.4754167610178115,0.2378935647888491,0.3826806237675022
129,Burkina Faso,0.31450709973694846,Emerging,1.0,A,0.2873107980107238,0.3457137059670255,0.2477697536108751,0.3964978220282902
130,Kiribati,0.3105154040056224,Emerging,0.75,B,0.1606657737509384,0.5066895171565442,0.1825764512835088,0.4390000363121789
131,Cambodia,0.305678148850344,Emerging,1.0,A,0.3249565887217305,0.3055012264081449,0.2124044180118946,0.3840682768923968
132,Lesotho,0.3046090065774642,Emerging,0.5,C,0.2730036145402973,0.3863100548279978,0.3527020453839861,0.2813368227335033
133,Solomon Islands,0.3017798670197852,Emerging,0.75,B,0.1387496350804999,0.3921028065990511,0.1979714332186131,0.5191449944200035
134,Samoa,0.2973514634174724,Emerging,0.75,B,0.1674640510953324,0.6132492421239146,0.2811798548661969,0.2420002829906095
135,State of Palestine,0.2945162644832679,Emerging,0.25,D,0.3183988206584764,0.3709208575187797,0.2386878297759329,0.2884471514796717
136,Cuba,0.2940675692343232,Emerging,0.5,C,0.277986343757603,0.3419236346590867,0.2786286152324228,0.3289026290980928
137,Palau,0.29226347479544873,Emerging,0.5,C,0.1577879901230943,0.620845503984753,0.2063523785688123,0.2808227510044284
138,Gambia (Republic of The),0.2858344525946513,Emerging,0.25,D,0.187906560302883,0.4616492581570636,0.2068154202465683,0.3556899073661041
139,Grenada,0.2845170176160677,Emerging,0.75,B,0.0975655311481084,0.5567795170459108,0.2248974002371201,0.3638131436347989
140,Congo,0.27765081254285956,Emerging,0.5,C,0.1002223309068626,0.4874476470613434,0.2300339847068818,0.3927066496537002
141,Bolivia (Plurinational State of),0.27204853276996677,Emerging,0.25,D,0.225132330701489,0.3431697195807738,0.2656699848292554,0.3297322811287891
142,Tonga,0.2712274391803627,Emerging,0.75,B,0.1486992011236551,0.4975214161763795,0.1656545864119484,0.354179974671984
143,Dominica,0.26987688952516997,Emerging,0.75,B,0.103263733174511,0.5592302091456025,0.2246578419191365,0.3122368462693197
144,Marshall Islands,0.26860682439327144,Emerging,0.5,C,0.07196940804226,0.5074425213986395,0.173441418736917,0.4184476940783732
145,Nauru,0.2607095829585487,Emerging,0.75,B,0.1213986273286956,0.5061455163677087,0.0972812234494477,0.3913675956910259
146,Gabon,0.2591576269692618,Emerging,0.75,B,0.2365812559561215,0.2957377032633009,0.2057975438798119,0.356241865601403
147,Belarus,0.25895652945128733,Emerging,0.5,C,0.2819800950948946,0.273840813735871,0.263514609144527,0.2848265978025346
148,Belize,0.25873537270855684,Emerging,0.75,B,0.1586499781736748,0.4261964513288163,0.2137302288891318,0.3316058894347962
149,Angola,0.2567994400403608,Emerging,1.0,A,0.2274411567617198,0.2977401710398435,0.2920560747663551,0.3009719446820423
150,Eswatini,0.2567722496935739,Emerging,0.75,B,0.2420047419047426,0.3150557358363591,0.2300339847068818,0.3116925743909469
151,Cameroon,0.25079996430717144,Emerging,0.75,B,0.3436592294366638,0.2599941544673645,0.2380416182682634,0.2200696394748562
152,Papua New Guinea,0.24969615217007424,Emerging,0.75,B,0.2404834352674859,0.326978853742806,0.2125324286294634,0.2943451605370392
153,Bahamas,0.24623164689763236,Emerging,0.25,D,0.2715555655237825,0.3518654476572236,0.186169890465428,0.2469938778634766
154,Guatemala,0.24119941852200888,Emerging,1.0,A,0.2618465087617673,0.3121409483360726,0.159303313508921,0.2923819781985882
155,Lao People's Democratic Republic,0.2379738006218235,Emerging,0.5,C,0.2653457711590519,0.3164787532445576,0.2237744783437198,0.2329903592567963
156,Mauritania,0.2338813801780091,Emerging,0.75,B,0.2519152571237976,0.3001384654321052,0.159303313508921,0.2913083184900348
157,Chad,0.23140326667001745,Emerging,1.0,A,0.1065065938991995,0.2007546910387879,0.2212192013593882,0.4842051068569534
158,Tajikistan,0.22706829465369624,Emerging,0.75,B,0.304365142258967,0.273922688120869,0.1238317757009345,0.2572818717583491
159,Mozambique,0.22648246132823568,Emerging,0.75,B,0.1701757940696429,0.2754857281360427,0.2743203058623619,0.304062619669409
160,Lebanon,0.22590657554278143,Emerging,0.75,B,0.3142402396745158,0.2330648139015806,0.1769328802039082,0.2406737469416716
161,Democratic People's Republic of Korea,0.22366091817081407,Emerging,0.25,D,0.0935156255883958,0.3756392477499287,0.1382139479414622,0.3900576075720149
162,Sierra Leone,0.22272141450587063,Emerging,0.75,B,0.143991187984131,0.2853842964313312,0.1758284239132169,0.3788767527858566
163,Malawi,0.22191955313681064,Emerging,0.75,B,0.1971199171180266,0.3713945544816081,0.2223137486325872,0.2179637079453785
164,Myanmar,0.21923685689688727,Emerging,1.0,A,0.1148774880758125,0.1413759290844218,0.3982582837723025,0.3698399394553571
165,Somalia,0.21281887670843058,Emerging,0.5,C,0.1498725340623882,0.4092081147622026,0.1480396265443826,0.2619649703562118
166,Nicaragua,0.20621619574969846,Emerging,1.0,A,0.1542887277258097,0.1964772709589441,0.1769328802039082,0.3890415032781305
167,Niger,0.2048284774433262,Emerging,0.75,B,0.0923239782444772,0.3128209392553556,0.1865208424325731,0.3540554781011742
168,Honduras,0.20441667165826682,Emerging,1.0,A,0.1530787659767057,0.2795780487166018,0.203483432455395,0.3009161386125323
169,Djibouti,0.20338687461252103,Emerging,0.75,B,0.1665288054240101,0.3033750947895522,0.189171159090086,0.2732792601389062
170,Saint Kitts and Nevis,0.2002970360143941,Emerging,0.25,D,0.1288733266580864,0.270789143654463,0.1336948165088665,0.3685538044750998
171,Saint Vincent and the Grenadines,0.19972244818245152,Emerging,0.25,D,0.1408203738733197,0.2776266006105538,0.1352428814608883,0.3470910296866161
172,Libya,0.1996118977697452,Emerging,1.0,A,0.2584009785731744,0.1207095039707569,0.1858538657604078,0.3088199064908667
173,Micronesia (Federated States of),0.19549949128079536,Emerging,0.25,D,0.1304678909160848,0.2403265704358861,0.1425400485683005,0.3711514627730135
174,Timor-Leste,0.19028535644293407,Emerging,0.5,C,0.080396456441294,0.3399575702057176,0.1802890971667395,0.3064716357932532
175,Iraq,0.18941331564515512,Emerging,1.0,A,0.2574107896862957,0.219908672870074,0.2124044180118946,0.1826152129705428
176,Guinea,0.18882394001539593,Emerging,1.0,A,0.0882557582795792,0.2544265790206249,0.2300339847068818,0.329246242516694
177,Zimbabwe,0.18868627721892314,Emerging,1.0,A,0.2595193682963511,0.2235026631873492,0.1503823279524214,0.2160812941167516
178,Sao Tome and Principe,0.18726385704986948,Emerging,0.25,D,0.0850128975548908,0.307314460657779,0.1549025010990044,0.3352796848773534
179,Comoros,0.1771397090732355,Emerging,0.5,C,0.131274935751109,0.2179697149691569,0.1513418258966382,0.3279031430585545
180,Madagascar,0.1749315466875816,Emerging,0.75,B,0.1258502387956234,0.289553912480526,0.0707306711979609,0.323049250439395
181,Mali,0.1699173851732953,Emerging,1.0,A,0.164000206501554,0.2540790397009392,0.0796516567544605,0.288416805030704
182,Suriname,0.1508272197199303,Emerging,0.75,B,0.0737471163521128,0.3785423411676922,0.1717246198823888,0.1714482387703455
183,Equatorial Guinea,0.13752619576918204,Emerging,0.5,C,0.0560676603138352,0.1671001434614802,0.1734816119425073,0.3199982237480835
184,Syrian Arab Republic,0.12992919418368704,Emerging,0.5,C,0.1358913768647058,0.0743948159425676,0.2167849913425859,0.2547180600740989
185,Burundi,0.12318346518125783,Emerging,1.0,A,0.0909125580383334,0.2267693547307254,0.0088147833474936,0.2993663040932398
186,Turkmenistan,0.12031934013007997,Emerging,0.75,B,0.1431475143387359,0.1742850609877841,0.1983313430859289,0.1501952428715164
187,Central African Republic,0.10941249597898195,Emerging,0.5,C,0.0205523956386631,0.1518859585218665,0.1556691667598269,0.299901067077275
188,Liberia,0.08997986055055045,Emerging,1.0,A,0.0504072981046679,0.2611678516452462,0.0972812234494477,0.1599226499175314
189,Eritrea,0.07252133875020836,Emerging,0.5,C,0.0060083359076905,0.088856877889039,0.1476392240012422,0.2623912303472126
190,South Sudan,0.06976330909282655,Emerging,0.5,C,0.0077494154071724,0.0743948159425676,0.1504576774956272,0.2620163595363543
191,Yemen,0.06639886937040455,Emerging,0.25,D,0.0285386873063819,0.1486329132990291,0.0975772562809216,0.2042569130543395
192,Sudan,0.0647833738091887,Emerging,0.75,B,0.0598416387889014,0.098329870948969,0.1340208421735098,0.1810731530476861
193,Afghanistan,0.0646178943029949,Emerging,0.5,C,0.0610516005380055,0.102615014056443,0.0659300868990581,0.2206450414449336
194,Haiti,0.06450938534263184,Emerging,1.0,A,0.0622981910974804,0.1088655739108627,0.0088147833474936,0.2515412115441287
195,Guinea Bissau,0.04472376951390962,Emerging,0.25,D,0.0060083359076905,0.088856877889039,0.1027535553080468,0.2094576642393406
