country,AI_INDEX,LEGAL_WGI_SCORE,PQC,RES_INDEX,AI_OBSERVED,LEGAL_OBSERVED,PQC_OBSERVED,RES_OBSERVED,AI_IMPUTED,LEGAL_IMPUTED,PQC_IMPUTED,RES_IMPUTED,OBSERVED_COUNT,CONFIDENCE_SCORE,CONFIDENCE_TIER,AI_NORM,LEGAL_NORM,PQC_NORM,RES_NORM,QSSI_ENTROPY,QSSI_CRITIC,QSSI_PCA,QSSI_SCORE,RANK_ENTROPY,RANK_CRITIC,RANK_PCA,QSSI_KNN_SCORE,KNN_RANK,QSSI_TIER,QSSI_RANK
Republic of Korea,0.9183507486626918,0.9237964433958976,0.876683299097162,0.6550812476968273,True,False,False,False,False,True,True,True,1,0.25,D,0.9691424139563434,0.9608126600313072,0.8914421233008484,0.8809609124404899,0.6604606811129263,0.6276465837035354,0.6633805958379797,0.9333362736572122,37.0,44.0,42.0,0.9333362736572122,2,Platinum,2
United Kingdom of Great Britain and Northern Ireland,0.9240477396822298,0.8930701923746656,0.8818428894553321,0.6013594754184688,True,False,False,False,False,True,True,True,1,0.25,D,0.975194084416659,0.9260562267701504,0.8967418617989971,0.7872233537204025,0.6628545975069465,0.6294625639386473,0.6655602145808119,0.9102055040631416,36.0,43.0,40.0,0.9102055040631416,5,Platinum,5
United States of America,0.947399817300537,0.7571854095710073,0.9027187765505524,0.441822938333823,True,False,False,False,False,True,True,True,1,0.25,D,1.0,0.7723482335151776,0.9181847932802444,0.5088526879969311,0.6726673076293918,0.6369063024416939,0.6744945144395229,0.8330898230228764,32.0,40.0,38.0,0.8330898230228765,16,Gold,16
Taiwan,0.7590376695795309,0.8272813817603069,0.819514513272701,0.5533431744083802,True,False,False,False,False,True,True,True,1,0.25,D,0.7999109281907748,0.8516382834984899,0.832720481834379,0.703441105954393,0.5935161852393908,0.5768637403011765,0.6024288105960688,0.8007265317092781,48.0,51.0,50.0,0.8007265317092781,20,Gold,20
Czechia,0.7541098835777815,0.7569119935642942,0.9107676570051112,0.4577936282987154,True,True,False,False,False,False,True,True,2,0.5,C,0.7946763513976447,0.7720389551335328,0.9264523026464628,0.5367194806378637,0.6692246318674119,0.6435922176781093,0.68931223428074,0.767921617850964,33.0,38.0,35.0,0.767921617850964,27,Gold,27
Egypt,0.7068441861169577,0.5862050145616416,0.6460280373831776,0.3808603910891888,True,False,True,False,False,True,False,True,2,0.5,C,0.744468017888092,0.5789413423196712,0.6545216537580452,0.402480911532437,0.5764765588227403,0.568499173005498,0.5899401491833657,0.6194481038135639,51.0,56.0,55.0,0.6194481038135639,47,Silver,47
Liechtenstein,0.3973887009210851,0.883351736046467,0.6607462132644133,0.3843256359192592,True,True,False,False,False,False,True,True,2,0.5,C,0.4157466609261465,0.9150630574915718,0.6696396142792315,0.4085273164994053,0.5532758845416478,0.5596937038609366,0.5915784947392159,0.5884886884064999,60.0,58.0,54.0,0.5884886884064999,51,Silver,51
Andorra,0.4134003350806227,0.7753004172964071,0.6442899299938356,0.4205546047623522,True,True,False,False,False,False,True,True,2,0.5,C,0.4327551366517261,0.7928392806200825,0.6527363347684035,0.4717421910329789,0.5309931842461398,0.5393225949694407,0.5645944768872516,0.5738321825306107,69.0,64.0,64.0,0.5738321825306107,56,Silver,56
Slovakia,0.5020638543017402,0.4165408269709136,0.9380841121495328,0.4119848158582564,True,False,True,False,False,True,False,True,2,0.5,C,0.5269386097058208,0.3870232977547579,0.9545107450638158,0.4567890155038083,0.5365025427945146,0.5811337850029364,0.5820392062574121,0.5723410234841839,67.0,50.0,59.0,0.5723410234841839,57,Silver,57
Monaco,0.3630602395623732,0.8397839801049591,0.5858467705974792,0.3811148086830341,True,True,False,False,False,False,True,True,2,0.5,C,0.3792810012752637,0.8657807743821543,0.5927057043684809,0.4029248373958454,0.5271532299822586,0.5384792545995316,0.5650943549900844,0.5461785135448523,70.0,67.0,63.0,0.5461785135448523,64,Silver,64
Sri Lanka,0.5075972266814739,0.4224388172360691,0.8369103885254695,0.3831080152572754,True,True,False,False,False,False,True,True,2,0.5,C,0.5328164750669422,0.393694892831039,0.8505888751342664,0.4064027256033696,0.4758349117774889,0.4861555919681223,0.4925067747576838,0.543821221893437,88.0,88.0,90.0,0.543821221893437,66,Silver,66
Viet Nam,0.6580034498101853,0.4389350895634804,0.653101138348785,0.2704846192420818,True,True,False,False,False,False,True,True,2,0.5,C,0.6925865878219208,0.4123548845042616,0.6617868788799126,0.2098894359351003,0.5434657984928013,0.5379885606671596,0.5551057916457512,0.5257688459444916,63.0,68.0,67.0,0.5257688459444916,74,Silver,74
Republic of Moldova,0.5928091606796755,0.4837633977746219,0.598289078286859,0.3233378088130827,True,False,False,False,False,True,True,True,1,0.25,D,0.623333476423408,0.4630630591356043,0.6054859780897854,0.3021114299394088,0.5236657762701341,0.5238765255348202,0.5388312426257815,0.5191559387659814,72.0,73.0,72.0,0.5191559387659815,76,Silver,76
Iran (Islamic Republic of),0.5408427161205154,0.526401738309983,0.6523143827767136,0.3072934820839419,True,False,False,False,False,True,True,True,1,0.25,D,0.568131739859707,0.5112940208679586,0.6609787529426786,0.2741161506492102,0.5018291043950205,0.5073116343694963,0.5189493372179889,0.5178327395611362,78.0,82.0,79.0,0.5178327395611362,77,Silver,77
Türkiye,0.6721103858304366,0.3942686577959002,0.6518347634554611,0.2496399539858883,True,True,False,False,False,False,True,True,2,0.5,C,0.7075717839906595,0.3618298187007191,0.6604861058903263,0.1735181854981498,0.5374010589584991,0.531954409256447,0.5468159448344665,0.511667612293476,64.0,69.0,70.0,0.511667612293476,80,Bronze,80
San Marino,0.3385482993830599,0.7315062845905829,0.5259708395098438,0.3767910414534623,True,True,False,False,False,False,True,True,2,0.5,C,0.3532430131865609,0.7433009282331147,0.5312033844032604,0.3953804216518167,0.487781453436379,0.5051374263705992,0.5225370052697557,0.4930106551350054,85.0,83.0,78.0,0.4930106551350054,86,Bronze,86
United Republic of Tanzania,0.4235684629791386,0.5002668069016047,0.6409384645009437,0.3697029118579248,True,False,False,False,False,True,True,True,1,0.25,D,0.443556305028002,0.4817311237005648,0.6492938345959295,0.3830125503773066,0.4525496240116382,0.4699291415655103,0.4740812376682499,0.4854324142051015,93.0,92.0,93.0,0.4854324142051015,87,Bronze,87
Côte D'Ivoire,0.4542193619161699,0.4478760167243679,0.4909609358329809,0.316678098376859,True,False,False,False,False,True,True,True,1,0.25,D,0.4761154470458174,0.4224685406722568,0.4952425190142193,0.2904910948015493,0.4654293510825033,0.4796994618042415,0.4858080024777245,0.4315842818121324,91.0,89.0,91.0,0.4315842818121325,99,Bronze,99
Kyrgyzstan,0.3000051028179664,0.4092232770434524,0.5929269328802039,0.2582999191353047,True,False,True,False,False,True,False,True,2,0.5,C,0.3123002201754467,0.3787459476962284,0.5999781826115413,0.1886287069362957,0.3971423838102034,0.4246490461730263,0.4214786855343627,0.3664417414382034,112.0,110.0,109.0,0.3664417414382035,112,Bronze,112
"Venezuela, Bolivarian Republic of",0.2070694831611816,0.4855547105221325,0.192881821285005,0.4454227729710979,True,False,False,False,False,True,True,True,1,0.25,D,0.2135786771259165,0.4650893278761575,0.1890667862135494,0.5151339348058734,0.361575203427611,0.4009176463879757,0.3912506289140957,0.3266034848776059,127.0,121.0,124.0,0.3266034848776059,125,Emerging,125
Saint Lucia,0.2017192548333025,0.4865113969740615,0.2258225987948967,0.4113072056160158,True,False,False,False,False,True,True,True,1,0.25,D,0.2078953578760301,0.4661714972822248,0.2229023224885729,0.4556066730907127,0.3593269991980561,0.399212200677522,0.3892036785324146,0.3206759741580185,129.0,123.0,125.0,0.3206759741580185,127,Emerging,127
Democratic Republic of the Congo,0.2195818549234346,0.4754167610178115,0.2378935647888491,0.3826806237675022,True,False,False,False,False,True,True,True,1,0.25,D,0.2268700357259967,0.4536216429604667,0.2353011678904552,0.4056569826174254,0.3668329915805162,0.4049061062146978,0.3960377524880598,0.3173883628216353,123.0,117.0,120.0,0.3173883628216353,128,Emerging,128
Lesotho,0.2730036145402973,0.3863100548279978,0.3527020453839861,0.2813368227335033,True,True,False,False,False,False,True,True,2,0.5,C,0.2836176913748687,0.3528273324320622,0.3532281509038522,0.2288251303263529,0.3675567172497341,0.4028582374120647,0.3916824611697964,0.3046090065774642,122.0,119.0,123.0,0.3046090065774642,132,Emerging,132
State of Palestine,0.3183988206584764,0.3709208575187797,0.2386878297759329,0.2884471514796717,True,False,False,False,False,True,True,True,1,0.25,D,0.3318390817479939,0.3354196243178829,0.2361170072183031,0.2412317362534545,0.4083565877155935,0.4364051301824626,0.4338442559365024,0.2945162644832679,106.0,102.0,107.0,0.2945162644832679,135,Emerging,135
Cuba,0.277986343757603,0.3419236346590867,0.2786286152324228,0.3289026290980928,True,True,False,False,False,False,True,True,2,0.5,C,0.2889106320013692,0.3026190057072563,0.2771426901961921,0.3118213230816165,0.3577331015694209,0.3939816596822973,0.379987576288619,0.2940675692343232,130.0,126.0,133.0,0.2940675692343232,136,Emerging,136
Palau,0.1577879901230943,0.620845503984753,0.2063523785688123,0.2808227510044284,True,True,False,False,False,False,True,True,2,0.5,C,0.1612290499918657,0.6181254216899862,0.2029032395117199,0.2279281415107045,0.3821131550540496,0.4214278114593451,0.4194701579103438,0.2922634747954487,117.0,112.0,111.0,0.2922634747954487,137,Emerging,137
Gambia (Republic of The),0.187906560302883,0.4616492581570636,0.2068154202465683,0.3556899073661041,True,False,False,False,False,True,True,True,1,0.25,D,0.1932227218861837,0.4380483374497581,0.2033788586278703,0.35856166620709,0.3535228061128708,0.3948092482812736,0.3839190628845633,0.2858344525946513,131.0,124.0,130.0,0.2858344525946513,138,Emerging,138
Congo,0.1002223309068626,0.4874476470613434,0.2300339847068818,0.3927066496537002,True,False,True,False,False,True,False,True,2,0.5,C,0.1000795066254229,0.4672305498054852,0.2272281007963345,0.4231511037228678,0.255940529117328,0.2641584998983395,0.2575109281621436,0.2776508125428595,169.0,170.0,167.0,0.2776508125428596,140,Emerging,140
Bolivia (Plurinational State of),0.225132330701489,0.3431697195807738,0.2656699848292554,0.3297322811287891,True,False,False,False,False,True,True,True,1,0.25,D,0.2327660692973247,0.3040285322840074,0.263832069068645,0.3132689587914301,0.3691653412216035,0.4066753830616941,0.398161315785947,0.2720485327699667,121.0,116.0,119.0,0.2720485327699668,141,Emerging,141
Marshall Islands,0.07196940804226,0.5074425213986395,0.173441418736917,0.4184476940783732,True,True,False,False,False,False,True,True,2,0.5,C,0.0700676322638654,0.4898480346066486,0.1690983308418033,0.468065903829829,0.3156037908226937,0.3673354221255696,0.3518868948183333,0.2686068243932714,151.0,140.0,144.0,0.2686068243932715,144,Emerging,144
Belarus,0.2819800950948946,0.273840813735871,0.263514609144527,0.2848265978025346,True,True,False,False,False,False,True,True,2,0.5,C,0.2931530236272022,0.2256061602412118,0.2616181476715246,0.2349143373941733,0.3411316187153628,0.3792029909796325,0.3606530810707813,0.2589565294512873,136.0,131.0,142.0,0.2589565294512874,147,Emerging,147
Bahamas,0.2715555655237825,0.3518654476572236,0.186169890465428,0.2469938778634766,True,False,False,False,False,True,True,True,1,0.25,D,0.2820794906951979,0.3138648280409303,0.1821725415754849,0.1689011241953843,0.3886727166981326,0.4214733135127204,0.4159224378194129,0.2462316468976323,115.0,111.0,113.0,0.2462316468976323,153,Emerging,153
Lao People's Democratic Republic,0.2653457711590519,0.3164787532445576,0.2237744783437198,0.2329903592567963,True,False,False,True,False,True,True,False,2,0.5,C,0.2754830911234248,0.2738366683465733,0.2207985696612268,0.144466791670388,0.3409231304719848,0.3704816069374094,0.3851883981977031,0.2379738006218235,137.0,139.0,127.0,0.2379738006218235,155,Emerging,155
Democratic People's Republic of Korea,0.0935156255883958,0.3756392477499287,0.1382139479414622,0.3900576075720149,True,False,False,False,False,True,True,True,1,0.25,D,0.0929552597514828,0.3407568981380995,0.1329139886349741,0.4185288672039883,0.3138590598852639,0.3647210716934247,0.3478059200427413,0.223660918170814,153.0,142.0,147.0,0.2236609181708141,161,Emerging,161
Somalia,0.1498725340623882,0.4092081147622026,0.1480396265443826,0.2619649703562118,True,False,False,True,False,True,True,False,2,0.5,C,0.1528207987837767,0.378728796667423,0.1430065586933464,0.1950237482661273,0.303192788317676,0.3453913023171077,0.3477893763369726,0.2128188767084305,156.0,150.0,148.0,0.2128188767084305,165,Emerging,165
Saint Kitts and Nevis,0.1288733266580864,0.270789143654463,0.1336948165088665,0.3685538044750998,True,False,False,False,False,True,True,True,1,0.25,D,0.1305142368280299,0.2221542204830475,0.1282721056231577,0.3810075063103474,0.3287166188941011,0.3759917382753708,0.3613334660210757,0.2002970360143941,144.0,135.0,141.0,0.2002970360143942,170,Emerging,170
Saint Vincent and the Grenadines,0.1408203738733197,0.2776266006105538,0.1352428814608883,0.3470910296866161,True,False,False,False,False,True,True,True,1,0.25,D,0.1432050752851157,0.229888506589289,0.1298622201195292,0.3435577345193678,0.3337368536268918,0.3797999945173777,0.3659043013870644,0.1997224481824515,142.0,130.0,139.0,0.1997224481824515,171,Emerging,171
Micronesia (Federated States of),0.1304678909160848,0.2403265704358861,0.1425400485683005,0.3711514627730135,True,False,False,False,False,True,True,True,1,0.25,D,0.1322080743966885,0.1876960500963332,0.1373575976130815,0.3855400847586855,0.3293866662059979,0.3765000236432448,0.3619435323054465,0.1954994912807953,143.0,134.0,140.0,0.1954994912807953,173,Emerging,173
Timor-Leste,0.080396456441294,0.3399575702057176,0.1802890971667395,0.3064716357932532,True,True,False,False,False,False,True,True,2,0.5,C,0.0790193261824949,0.3003950641039205,0.1761320103547528,0.2726821349482174,0.2741765445930819,0.3305341170564367,0.303788963482173,0.190285356442934,163.0,157.0,161.0,0.1902853564429341,174,Emerging,174
Sao Tome and Principe,0.0850128975548908,0.307314460657779,0.1549025010990044,0.3352796848773534,True,False,False,False,False,True,True,True,1,0.25,D,0.0839231745865261,0.2634703492190629,0.1500558470980938,0.322948462325504,0.3102861527201489,0.3620107310942519,0.3445528509535548,0.1872638570498694,155.0,143.0,151.0,0.1872638570498694,178,Emerging,178
Comoros,0.131274935751109,0.2179697149691569,0.1513418258966382,0.3279031430585545,True,True,False,False,False,False,True,True,2,0.5,C,0.1330653636870379,0.1624067769460956,0.1463984545263167,0.3100773489469642,0.2628032950171425,0.3179914253723087,0.2858741521506924,0.1771397090732355,168.0,161.0,164.0,0.1771397090732355,179,Emerging,179
Equatorial Guinea,0.0560676603138352,0.1671001434614802,0.1734816119425073,0.3199982237480835,True,True,False,False,False,False,True,True,2,0.5,C,0.0531758842050268,0.1048649419233824,0.1691396158013144,0.2962842850434986,0.217542591940392,0.2820248609975339,0.2415126577423256,0.137526195769182,176.0,166.0,174.0,0.137526195769182,183,Emerging,183
Syrian Arab Republic,0.1358913768647058,0.0743948159425676,0.2167849913425859,0.2547180600740989,True,True,False,False,False,False,True,True,2,0.5,C,0.137969212091069,0.0,0.2136192296805703,0.1823788251874742,0.2261944596018895,0.2856126613699308,0.2436450207419952,0.129929194183687,175.0,165.0,173.0,0.129929194183687,184,Emerging,184
Central African Republic,0.0205523956386631,0.1518859585218665,0.1556691667598269,0.299901067077275,True,True,False,False,False,False,True,True,2,0.5,C,0.0154495340338684,0.0876552015254672,0.1508433374288786,0.2612173406066039,0.1985339382007155,0.267116957644443,0.2232627800072574,0.1094124959789819,183.0,169.0,179.0,0.1094124959789819,187,Emerging,187
Eritrea,0.0060083359076905,0.088856877889039,0.1476392240012422,0.2623912303472126,True,True,False,False,False,False,True,True,2,0.5,C,0.0,0.0163589658404441,0.1425952801566158,0.1957675169327571,0.1754996227970766,0.2476206604060915,0.1983844875892444,0.0725213387502083,190.0,178.0,183.0,0.0725213387502083,189,Emerging,189
South Sudan,0.0077494154071724,0.0743948159425676,0.1504576774956272,0.2620163595363543,True,True,False,False,False,False,True,True,2,0.5,C,0.0018494744576463,0.0,0.1454902903129514,0.1951134157526396,0.1723482904148469,0.2447659637891743,0.1946190314121439,0.0697633090928265,191.0,179.0,185.0,0.0697633090928265,190,Emerging,190
Yemen,0.0285386873063819,0.1486329132990291,0.0975772562809216,0.2042569130543395,True,False,False,False,False,True,True,True,1,0.25,D,0.0239330308846181,0.0839754734289629,0.0911734967973337,0.0943306366925247,0.286555285444845,0.3440089387001392,0.3229463139725149,0.0663988693704045,158.0,152.0,156.0,0.0663988693704045,191,Emerging,191
Afghanistan,0.0610516005380055,0.102615014056443,0.0659300868990581,0.2206450414449336,True,True,False,False,False,False,True,True,2,0.5,C,0.058470111232444,0.0319216760835472,0.0586667064733862,0.1229258055072455,0.202323144563048,0.2684100452160559,0.223659432815529,0.0646178943029949,182.0,168.0,178.0,0.0646178943029949,193,Emerging,193
Guinea Bissau,0.0060083359076905,0.088856877889039,0.1027535553080468,0.2094576642393406,True,False,False,False,False,True,True,True,1,0.25,D,0.0,0.0163589658404441,0.0964903978161415,0.1034052762458627,0.277087870560147,0.3368271347110103,0.314326399350433,0.0447237695139096,160.0,154.0,158.0,0.0447237695139096,195,Emerging,195
